id,fac_name,un_name
1,"اللغــــات (عربي ، إنجليزي، فرنسي)",المعهد الاسلامى للترجمة
2,كلية الحاسوب وتقنية المعلومات – علوم الحاسوب,جامعة السودان المفتوحة
3,كلية الحاسوب وتقنية المعلومات – تقنية المعلومات,جامعة السودان المفتوحة
4,كليـة العلوم الإدارية,جامعة السودان المفتوحة
5,كليـة العلوم الإقتصادية والمالية,جامعة السودان المفتوحة
6,كليـة القانون,جامعة السودان المفتوحة
7,كلية اللغات ( لغة إنجليزية – لغة عربية),جامعة السودان المفتوحة
8,كليـة الإعلام,جامعة السودان المفتوحة
9,كليـة التربية,جامعة السودان المفتوحة
10,تعليم اللغة العربية للناطقين بغيرها,جامعة السودان المفتوحة
11,كليـة الطب,جامعة الرباط الوطنى
12,كليـة طب وتقانة الأسنان,جامعة الرباط الوطنى
13,كليـة الصيدلة,جامعة الرباط الوطنى
14,كليـة المختبرات الطبية,جامعة الرباط الوطنى
15,كليـة علوم التمريض,جامعة الرباط الوطنى
16,كليـة تقانة الأشعة والطب النووي,جامعة الرباط الوطنى
17,كليـة التقنية والعلوم الصحية - علم النفس الجنائى والسريرى,جامعة الرباط الوطنى
18,كليـة التقنية والعلوم الصحية-التخدير,جامعة الرباط الوطنى
19,كليـة التقنية والعلوم الصحية - العلاج الطبيعى,جامعة الرباط الوطنى
20,كليـة التقنية والعلوم الصحية – التغذية والتغذية العلاجية,جامعة الرباط الوطنى
21,كليـة العمارة,جامعة الرباط الوطنى
22,كلية دراسات الحاسوب – علوم الحاسوب,جامعة الرباط الوطنى
23,كليـة دراسات الحاسوب - تقنية المعلومات,جامعة الرباط الوطنى
24,كليـة اللغات والترجمـة,جامعة الرباط الوطنى
25,كليـة الدراسات الإسلامية – الدراسات الإسلامية,جامعة الرباط الوطنى
26,كلية العلوم الإقتصادية والإدارية والمالية – العلوم الإقتصادية,جامعة الرباط الوطنى
27,كلية العلوم الإقتصادية والإدارية والمالية – العلوم الإدارية,جامعة الرباط الوطنى
28,كليـة علوم البيئة وإدارة مخاطر الكوارث - إدارة المنظمات,جامعة الرباط الوطنى
29,كليـة علوم البيئة وإدارة مخاطر الكوارث - الحماية المدنية,جامعة الرباط الوطنى
30,كليـة علوم البيئة وإدارة مخاطر الكوارث - علوم الكوارث,جامعة الرباط الوطنى
31,كليـة الإعلام,جامعة الرباط الوطنى
32,كليـة القانون,جامعة الرباط الوطنى
33,كليـة الطب والجراحة,جامعة افريقيا العالمية
34,كليـة طب الأسنان,جامعة افريقيا العالمية
35,كليـة الصيدلـة,جامعة افريقيا العالمية
36,كليـة علوم المختبرات الطبية,جامعة افريقيا العالمية
37,كليـة علوم التمريض (طالبات),جامعة افريقيا العالمية
38,كليـة الهندسة -الميكانيكية - طلاب,جامعة افريقيا العالمية
39,كليـة الهندسة - الألكترونية والكهربائية,جامعة افريقيا العالمية
40,كليـة الهندسة – المعمار,جامعة افريقيا العالمية
41,كليـة الهندسة - المدنية,جامعة افريقيا العالمية
42,كليـة الحاسـوب وتقانة المعلومات – علوم الحاسوب,جامعة افريقيا العالمية
43,كليـة الحاسـوب وتقانة المعلومات – تقانة المعلومات,جامعة افريقيا العالمية
44,كليـة الحاسـوب وتقانة المعلومات – نظم المعلومات,جامعة افريقيا العالمية
45,كليـة العلوم البحتة والتطبيقية,جامعة افريقيا العالمية
46,كليـة المعادن والنفط* - طلاب فقط,جامعة افريقيا العالمية
47,كليـة الشريعة والقانون,جامعة افريقيا العالمية
48,كليـة الاعلام,جامعة افريقيا العالمية
49,كليـة الآداب,جامعة افريقيا العالمية
50,كليـة الدراسات الإسلامية,جامعة افريقيا العالمية
51,كليـة التربية علمي,جامعة افريقيا العالمية
52,كليـة التربية أدبي,جامعة افريقيا العالمية
53,كليـة تقانة الانتاج والتصنيع الزراعي,جامعة افريقيا العالمية
54,كليـة الإقتصاد والعلوم السياسية,جامعة افريقيا العالمية
55,كليـة العلوم الإدارية,جامعة افريقيا العالمية
56,كلية العلوم الاسرية وتنمية المجتمع – ( تنمية الأسرة - تنمية المجتمع* ) – (طالبات),جامعة افريقيا العالمية
57,كلية العلوم الاسرية وتنمية المجتمع – ( علوم التغذية - تكنولوجيا الأغذية )- (طالبات),جامعة افريقيا العالمية
58,كلية الألسن,جامعة افريقيا العالمية
59,كليـة القـرآن الكريـم وعلومه –           ( القراءات – التفسير وعلوم القرآن ),جامعة افريقيا العالمية
60,كلية الكوارث والأمن الإنسانى – الكوارث والبيئة,جامعة افريقيا العالمية
61,كلية الكوارث والأمن الإنسانى – (المنظمات والعمل الطوعى – النزاعات والأمن الإنسانى ),جامعة افريقيا العالمية
62,كلية اللغة العربية - اللغة العربية,جامعة افريقيا العالمية
63,كلية اللغة العربية - تعليم اللغة العربية للناطقين بغيرها,جامعة افريقيا العالمية
64,كليـة الطب,جامعة كررى
65,كليـة طب الفم والأسنان,جامعة كررى
66,كليـة الصيدلة,جامعة كررى
67,كليـة المختبرات الطبية,جامعة كررى
68,كليـة التمريض,جامعة كررى
69,كليـة الأشعة التشخيصية,جامعة كررى
70,كليـة الهندسة المدنية,جامعة كررى
71,كليـة الهندسة الميكانيكية - انتاج,جامعة كررى
72,كليـة الهندسة الميكانيكية – قدره,جامعة كررى
73,كليـة الهندسة الكهربائية – نظم التحكم,جامعة كررى
74,كليـة الهندسة الكهربائية – نظم القدره,جامعة كررى
75,كليـة الهندسة الكهربائية – النظم الإلكترونية,جامعة كررى
76,كليـة الهندسة الكهربائية – الإتصالات,جامعة كررى
77,كليـة الهندسة الكيميائية,جامعة كررى
78,كليـة هندسة الطيران – نظم الكترونيات الطائرات,جامعة كررى
79,كليـة هندسة الطيران – ميكانيكا الطائرات,جامعة كررى
80,كلية هندسة المساحة,جامعة كررى
81,كليـة الحاسـوب – علوم الحاسوب,جامعة كررى
82,كليـة الحاسـوب - تقنية المعلومات,جامعة كررى
83,كليـة الحاسـوب – شبكات الحاسوب,جامعة كررى
84,كليـة الحاسـوب – هندسة البرمجيات,جامعة كررى
85,كليـة الحاسـوب – نظم المعلومات,جامعة كررى
86,كليـة الحاسـوب – أمن المعلومات,جامعة كررى
87,كلية الاقتصاد والعلوم الإدارية,جامعة كررى
88,كلية الآداب – اللغة الصينية,جامعة كررى
89,كلية الآداب – لغة إنجليزية,جامعة كررى
90,مدرسة  الطـب,جامعة الاحفاد
91,مدرسة الصيدلة,جامعة الاحفاد
92,مدرسة العلـوم الصحية,جامعة الاحفاد
93,مدرسة العلوم الإدارية,جامعة الاحفاد
94,مدرسة التنميـة الريفيـة,جامعة الاحفاد
95,مدرسة علـم النفـس ورياض الأطفال,جامعة الاحفاد
96,كليـة الطب,جامعة السودان العالمية
97,كليـة طب الأسنان,جامعة السودان العالمية
98,كليـة الصيدلة,جامعة السودان العالمية
99,كليـة المختبرات الطبية,جامعة السودان العالمية
100,كليـة التمريض,جامعة السودان العالمية
101,كلية التصوير الطبي,جامعة السودان العالمية
102,كلية علوم البصريات,جامعة السودان العالمية
103,كلية العلاج الطبيعى,جامعة السودان العالمية
104,كليـة الهندسة - هندسة العماره,جامعة السودان العالمية
105,كلية الهندسة - المدنية,جامعة السودان العالمية
106,كلية الهندسة - الكهربائية (انظمة التحكم),جامعة السودان العالمية
107,كلية الهندسة - الكهربائية (انظمة القدرة),جامعة السودان العالمية
108,كليـة الهندسة – الإلكترونية,جامعة السودان العالمية
109,كليـة الهندسة - الشبكات والإتصالات,جامعة السودان العالمية
110,كليـة الهندسة -  الطبية,جامعة السودان العالمية
111,كليـة الهندسة - نظم الحاسوب,جامعة السودان العالمية
112,كليـة الهندسة - هندسة الميكاترونيكس,جامعة السودان العالمية
113,كليـة الهندسة - هندسة ميكانيكا – قوى,جامعة السودان العالمية
114,كليـة الهندسة - هندسة ميكانيكا - انتاج,جامعة السودان العالمية
115,الحوسبة ونظم المعلومات - إدارة الشبكات,جامعة السودان العالمية
116,الحوسبة ونظم المعلومات - تطوير أنظمة الأنترنت,جامعة السودان العالمية
117,الحوسبة ونظم المعلومات - حوسبة أعمال,جامعة السودان العالمية
118,الحوسبة ونظم المعلومات - إدارة وأمن المعلومات,جامعة السودان العالمية
119,كليـة العلوم الإدارية,جامعة السودان العالمية
120,الإقتصاد والدراسات المالية والمصرفية,جامعة السودان العالمية
121,كلية الطب,جامعة امدرمان الاهلية
122,كلية المختبرات الطبية,جامعة امدرمان الاهلية
123,كليـة الهندسة - هندسة العماره,جامعة امدرمان الاهلية
124,كليـةالهندسة - هندسة الكهرباء(قوى),جامعة امدرمان الاهلية
125,كليـة الهندسة - هندسة الاتصالات,جامعة امدرمان الاهلية
126,كليـة الهندسة - هندسة الحاسوب,جامعة امدرمان الاهلية
127,كلية العلوم التطبيقية والحاسوب - علوم الحاسوب,جامعة امدرمان الاهلية
128,كلية العلوم التطبيقية والحاسوب – تقانة المعلومات,جامعة امدرمان الاهلية
129,كلية العلوم التطبيقية والحاسوب - الرياضيات التطبيقية,جامعة امدرمان الاهلية
130,كلية العلوم التطبيقية والحاسوب - الفيزياء التطبيقية,جامعة امدرمان الاهلية
131,كلية العلوم التطبيقية والحاسوب - الفيزياء والرياضيات,جامعة امدرمان الاهلية
132,كليـة العلوم البيئية - تقانة البيئة,جامعة امدرمان الاهلية
133,كليـة العلوم البيئية - إدارة البيئة,جامعة امدرمان الاهلية
134,كلية الإقتصاد والعلوم الإدارية - المحاسبة,جامعة امدرمان الاهلية
135,كلية الإقتصاد والعلوم الإدارية – إدارة الأعمال,جامعة امدرمان الاهلية
136,كلية الإقتصاد والعلوم الإدارية – الإقتصاد,جامعة امدرمان الاهلية
137,كلية الإقتصاد والعلوم الإدارية – البنوك والتأمين,جامعة امدرمان الاهلية
138,كلية الإقتصاد والعلوم الإدارية – السكرتارية التنفيذية وإدارة المكاتب,جامعة امدرمان الاهلية
139,كليـة التصميم,جامعة امدرمان الاهلية
140,كليـة الآداب - اللغة العربية,جامعة امدرمان الاهلية
141,كليـة الآداب - اللغة الانجليزية,جامعة امدرمان الاهلية
142,كليـة الآداب - اللغة الفرنسية,جامعة امدرمان الاهلية
143,كليـة الآداب - التاريخ والحضارة,جامعة امدرمان الاهلية
144,كليـة الآداب - التوثيق والمكتبات,جامعة امدرمان الاهلية
145,كليـة الآداب - علوم الاتصال,جامعة امدرمان الاهلية
146,كليـة الطــــــب,جامعة العلوم و التقانة
147,كليـة طب الأســنان,جامعة العلوم و التقانة
148,كليـة الصيــدلـة,جامعة العلوم و التقانة
149,كليـة المختبرات الطبية,جامعة العلوم و التقانة
150,كليـة علوم التمريض,جامعة العلوم و التقانة
151,كليـة هندسة العمــارة,جامعة العلوم و التقانة
152,كليـة الهندسة المدنية,جامعة العلوم و التقانة
153,كليـة الهندسة الكيميائية,جامعة العلوم و التقانة
154,كليـة الهندسة الالكترونية والكهربائية – النظم الالكترونية والحاسوب,جامعة العلوم و التقانة
155,كليـة الهندسة الالكترونية والكهربائية - هندسة الاتصالات,جامعة العلوم و التقانة
156,كليـة الهندسة الالكترونية والكهربائية -  هندسة برمجيات النظم الالكترونية,جامعة العلوم و التقانة
157,كليـة الهندسة الطبية,جامعة العلوم و التقانة
158,كليـة علوم الحاسوب – علوم الحاسوب,جامعة العلوم و التقانة
159,كليـة علوم الحاسوب – تكنولوجيا المعلومات والاتصالات,جامعة العلوم و التقانة
160,كليـة علوم الحاسوب – تقنية المعلومات,جامعة العلوم و التقانة
161,كليـة علوم الحاسوب - نظم المعلومات,جامعة العلوم و التقانة
162,كليـة العلوم الإدارية - المحاســــبة,جامعة العلوم و التقانة
163,كليـة العلوم الإدارية - إدارة الأعمــال,جامعة العلوم و التقانة
164,"كليـة الطـــب (الخرطوم - رواندا )
",جامعة العلوم الطبية و التكنولوجيا (الخرطوم - رواندا )
165,"كليـة طب الأســــنان  (الخرطوم - رواندا )
",جامعة العلوم الطبية و التكنولوجيا (الخرطوم - رواندا )
166,كليـة الصيــدلـــة,جامعة العلوم الطبية و التكنولوجيا
167,كليـة علوم المختبرات الطبية,جامعة العلوم الطبية و التكنولوجيا
168,كليـة علوم التمـريض,جامعة العلوم الطبية و التكنولوجيا
169,كليـة علوم الأشـــعة,جامعة العلوم الطبية و التكنولوجيا
170,كلية التخدير,جامعة العلوم الطبية و التكنولوجيا
171,كليـة الهندسة – الهندسة الكهربائية,جامعة العلوم الطبية و التكنولوجيا
172,"كليـة الهندسة – الهندسة الإلكترونية  - تحكم
",جامعة العلوم الطبية و التكنولوجيا
173,"كليـة الهندسة – الهندسة الإلكترونية - الاتصالات
",جامعة العلوم الطبية و التكنولوجيا
174,كليـة الهندسة – الهندسة الطبية,جامعة العلوم الطبية و التكنولوجيا
175,كليـة الهندسة – العماره,جامعة العلوم الطبية و التكنولوجيا
176,كليـة القانون,جامعة العلوم الطبية و التكنولوجيا
177,كليـة إدارة الأعمال,جامعة العلوم الطبية و التكنولوجيا
178,كليـة الإعـــلام,جامعة العلوم الطبية و التكنولوجيا
179,كليـة الدراسات الإقتصادية والإجتماعية والبيئية,جامعة العلوم الطبية و التكنولوجيا
180,كليـة العمارة - هندسة العمارة والتصميم,جامعة المستقبل
181,كليـة الهندسة - هندسة ميكانيكية الكترونية,جامعة المستقبل
182,كليـة الهندسة - هندسة الطاقة المتجددة,جامعة المستقبل
183,كليـة الهندسة - هندسة الإلكترونيات,جامعة المستقبل
184,كليـة الإتصالات - هندسة الاتصالات,جامعة المستقبل
185,كليـة الهندسة - الهندسة الطبية الحيوية,جامعة المستقبل
186,كليـة الهندسة - هندسة الحاسوب,جامعة المستقبل
187,كليـة الهندسة - هندسة الليزر,جامعة المستقبل
188,كليـة الإتصالات - هندسة الاقمار الصناعية,جامعة المستقبل
189,كليـة علوم الحاسوب - علـوم الحاسـوب,جامعة المستقبل
190,كليـة علوم الحاسوب - هندسة البرمجيات,جامعة المستقبل
191,كليـة تقنيـة المعلومات – الهندسة المعرفية,جامعة المستقبل
192,كليـة تقنيـة المعلومات – تقنية المعلومات,جامعة المستقبل
193,كليـة تقنيـة المعلومات – الإدارة المعرفية,جامعة المستقبل
194,كليـة نظم المعلومات الجغرافية,جامعة المستقبل
195,كليـة الفنون والتصميم,جامعة المستقبل
196,كلية العلوم الإدارية - إدارة الأعمال,جامعة المستقبل
197,كلية العلوم الإدارية - المحاسبة التمويل,جامعة المستقبل
198,كلية العلوم الإدارية-إدارة الأعمال ( تسويق ),جامعة المستقبل
199,كلية العلوم الإدارية - إدارة الموارد البشرية,جامعة المستقبل
200,كليـة الطب,جامعة المغتربين
201,كلية الصيدلة,جامعة المغتربين
202,علوم التمريض,جامعة المغتربين
203,كليـة هندسة المعمار,جامعة المغتربين
204,كليـة الهندسة المدنية,جامعة المغتربين
205,كليـة الهندسة الكهربائية (تحكم – قدرة),جامعة المغتربين
206,كليـة الهندسة – هندسة الكترونيات صناعية,جامعة المغتربين
207,كليـة الهندسة – هندسة الإتصالات,جامعة المغتربين
208,كليـة الهندسة الطبية الحيوية,جامعة المغتربين
209,كلية علوم الحاسوب وتقانة المعلومات –  علوم الحاسوب,جامعة المغتربين
210,كلية علوم الحاسوب وتقانة المعلومات –  - هندسة البرمجيات,جامعة المغتربين
211,كلية علوم الحاسوب وتقانة المعلومات – تقانة المعلومات,جامعة المغتربين
212,كلية علوم الحاسوب وتقانة المعلومات – نظم المعلومات,جامعة المغتربين
213,كليـة العلوم الإدارية,جامعة المغتربين
214,كليـة العلوم الإدارية – السكرتارية,جامعة المغتربين
215,كليـة اللغات – لغة عربية ولغة إنجليزية,جامعة المغتربين
216,كليـة اللغات – لغة إنجليزية,جامعة المغتربين
217,كليـة اللغات – لغة إنجليزية ولغة عربية,جامعة المغتربين
218,كليـة اللغات – اللغة الفرنسية,جامعة المغتربين
219,العمارة والتخطيط,جامعة ودمدنى الاهلية
220,علوم الحاسوب – علوم الحاسوب,جامعة ودمدنى الاهلية
221,علوم الحاسوب - نظم المعلومات المحاسبية والتجارية,جامعة ودمدنى الاهلية
222,المحاسبة وإدارة الأعمال,جامعة ودمدنى الاهلية
223,اللغـة الإنجلـيزية,جامعة ودمدنى الاهلية
224,علم النفس التطبيقي,جامعة ودمدنى الاهلية
225,كلية الطب والجراحة,الجامعة الوطنية
226,كلية طب وجراحة الأسنان,الجامعة الوطنية
227,كلية الصيدلة السريرية والصناعية,الجامعة الوطنية
228,كلية علوم المختبرات الطبية,الجامعة الوطنية
229,كلية علوم التمريض والقبالة,الجامعة الوطنية
230,كلية الاشعة والتصوير الطبى,الجامعة الوطنية
231,كلية العلاج الطبيعي,الجامعة الوطنية
232,كلية الهندسة والعماره – الهندسة المدنية,الجامعة الوطنية
233,كلية الهندسة والعماره – العماره,الجامعة الوطنية
234,كلية الهندسة والعماره – الهندسة الكهربائية والإلكترونية,الجامعة الوطنية
235,كلية علوم الحاسوب وتقانة المعلومات – علوم الحاسوب,الجامعة الوطنية
236,كلية علوم الحاسوب وتقانة المعلومات – تقانة المعلومات,الجامعة الوطنية
237,كلية العلوم الإدارية,الجامعة الوطنية
238,كلية العلاقات الدولية ود. الدبلوماسية,الجامعة الوطنية
239,كلية الطب والجراحة,جامعة المشرق
240,كلية علوم المختبرات الطبية,جامعة المشرق
241,كلية علوم التمريض,جامعة المشرق
242,كلية العلاج الطبيعى,جامعة المشرق
243,كلية الهندسة – الميكاترونكس,جامعة المشرق
244,كلية الهندسة – الإتصالات والالكترونيات,جامعة المشرق
245,كلية الهندسة – الطبية الحيوية,جامعة المشرق
246,كلية علوم الحاسوب وتقانة المعلومات - هندسة البرمجيات,جامعة المشرق
247,كلية علوم الحاسوب وتقانة المعلومات – الذكاء الإصطناعي,جامعة المشرق
248,كلية علوم الحاسوب وتقانة المعلومات –        تقانة المعلومات - بحري,جامعة المشرق
249,كلية علوم الحاسوب وتقانة المعلومات –        تقانة المعلومات - القطينة,جامعة المشرق
250,كلية الدراسات الإقتصادية – بحري,جامعة المشرق
251,كلية الدراسات الإقتصادية - القطينة,جامعة المشرق
252,كلية العلوم الإدارية - بحري,جامعة المشرق
253,كلية العلوم الإدارية – القطينة,جامعة المشرق
254,كلية علوم الإتصال – الإعلام – بحرى,جامعة المشرق
255,كلية علوم الإتصال – الإعلام – القطينة,جامعة المشرق
256,كلية علوم الإتصال - الوسائط المتعددة – بحرى,جامعة المشرق
257,كلية علوم الإتصال - الوسائط المتعددة - القطينة,جامعة المشرق
258,كلية الطب البشري,جامعة الرازي
259,كلية طب الأسنان وجراحة الفم,جامعة الرازي
260,كلية الصيدلة,جامعة الرازي
261,كاية علوم المختبرات الطبية,جامعة الرازي
262,كلية علوم الأشعة,جامعة الرازي
263,كلية علوم التمريض,جامعة الرازي
264,كلية علوم البصريات,جامعة الرازي
265,كلية العلاج الطبيعي,جامعة الرازي
266,كلية الهندسة – الهندسة البيئية,جامعة الرازي
267,كلية الهندسة – هندسة الأغذية,جامعة الرازي
268,كلية الهندسة – هندسة الجيومايتكس,جامعة الرازي
269,كلية علوم الحاسوب وتقانة المعلومات - تقانة المعلومات,جامعة الرازي
270,كلية إدارة الأعمال,جامعة الرازي
271,تقانة المعلومات,الجامعة العربية المفتوحة
272,العلوم الإدارية,الجامعة العربية المفتوحة
273,اللغة الإنجليزية وآدابها,الجامعة العربية المفتوحة
274,كلية الطب والجراحة,جامعة قاردن سيتى  - الخرطوم
275,كلية طب الأسنان,جامعة قاردن سيتى  - الخرطوم
276,كلية علوم المختبرات الطبية,جامعة قاردن سيتى  - الخرطوم
277,كلية علوم التمريض,جامعة قاردن سيتى  - الخرطوم
278,كلية العلاج الطبيعي,جامعة قاردن سيتى  - الخرطوم
279,كلية الهندسة – الهندسة المدنية,جامعة قاردن سيتى  - الخرطوم
280,كلية العماره,جامعة قاردن سيتى  - الخرطوم
281,كلية الهندسة – هندسة النظم الإلكترونية (إتصالات),جامعة قاردن سيتى  - الخرطوم
282,كلية الهندسة – هندسة الحاسوب,جامعة قاردن سيتى  - الخرطوم
283,كلية الهندسة – الهندسة الطبية الحيوية,جامعة قاردن سيتى  - الخرطوم
284,كلية دراسات الحاسوب وتقانة المعلومات  - تقنية المعلومات,جامعة قاردن سيتى  - الخرطوم
285,كلية علوم الإقتصاد والإدارة,جامعة قاردن سيتى  - الخرطوم
286,كلية الاعلام,جامعة قاردن سيتى  - الخرطوم
287,كلية الوسائط المتعددة,جامعة قاردن سيتى  - الخرطوم
288,كلية القانون,جامعة قاردن سيتى  - الخرطوم
289,كلية الطب البشرى,جامعة ابن سينا- الخرطوم
290,كلية طب الأسنان وجراحة الفم,جامعة ابن سينا- الخرطوم
291,كلية الصيدلة السريرية,جامعة ابن سينا- الخرطوم
292,كلية علوم المختبرات الطبية,جامعة ابن سينا- الخرطوم
293,كلية علوم التمريض,جامعة ابن سينا- الخرطوم
294,كلية العلاج الطبيعي والتأهيلى,جامعة ابن سينا- الخرطوم
295,كلية علوم البصريات,جامعة ابن سينا- الخرطوم
296,كلية علوم الحاسوب – الرسم بالحاسوب,جامعة ابن سينا- الخرطوم
297,كلية علوم الحاسوب – انترنت الأشياء,جامعة ابن سينا- الخرطوم
298,كلية علوم الحاسوب – الحوسبة السحابية,جامعة ابن سينا- الخرطوم
299,كلية علوم الحاسوب – تقانة المعلومات,جامعة ابن سينا- الخرطوم
300,كلية العلوم الإدارية,جامعة ابن سينا- الخرطوم
301,كلية الطب,جامعة الشيخ عبدالله البدرى
302,كلية الصيدلة,جامعة الشيخ عبدالله البدرى
303,كليـة المختبرات الطبية,جامعة الشيخ عبدالله البدرى
304,كليـة التمريض,جامعة الشيخ عبدالله البدرى
305,كليـة الهندسة – قسم المدنية,جامعة الشيخ عبدالله البدرى
306,كليـة الهندسة – قسم الميكانيكية,جامعة الشيخ عبدالله البدرى
307,كليـة الهندسة – الكهربائية (تحكم - قدرة),جامعة الشيخ عبدالله البدرى
308,كليـة الهندسة – قسم الهندسة الطبية,جامعة الشيخ عبدالله البدرى
309,كليـة علوم الحاسوب – هندسة البرمجيات,جامعة الشيخ عبدالله البدرى
310,كليـة علوم الحاسوب – تقانة المعلومات,جامعة الشيخ عبدالله البدرى
311,كليـة علوم الحاسوب – نظم المعلومات,جامعة الشيخ عبدالله البدرى
312,كليـة العلوم الإدارية والإقتصادية – المحاسبة,جامعة الشيخ عبدالله البدرى
313,كليـة العلوم الإدارية والإقتصادية – الإدارة,جامعة الشيخ عبدالله البدرى
314,كليـة العلوم الإدارية والإقتصادية – الإقتصاد,جامعة الشيخ عبدالله البدرى
315,كليـة تقنيات الإعـلام,جامعة الشيخ عبدالله البدرى
316,كلية الطب والجراحة,جامعة النيل  الابيض
317,كلية طب الأسنان,جامعة النيل  الابيض
318,كلية علوم المختبرات الطبية,جامعة النيل  الابيض
319,كلية علوم التمريض,جامعة النيل  الابيض
320,كلية الهندسة - هندسة العماره,جامعة النيل  الابيض
321,كلية العلوم الإدارية,جامعة النيل  الابيض
322,كلية الإقتصاد والدراسات المصرفية,جامعة النيل  الابيض
323,كلية الآداب - اللغة الإنجليزية,جامعة النيل  الابيض
324,كليـة التربيـة التعليم الأسـاسي ( إبتدائي – متوسط ),جامعة النيل  الابيض
325,كلية القانون,جامعة النيل  الابيض
326,كلية علوم الحاسوب وتقانة المعلومات – تقانة المعلومات,جامعة النيل  الابيض
327,كلية علوم الحاسوب وتقانة المعلومات – نظم المعلومات,جامعة النيل  الابيض
328,كلية اللغة العربية للناطقين بغيرها,جامعة النيل  الابيض
329,كلية الطب والجراحة,  جامعة النيل – الخرطوم بحرى
330,كلية طب الأسنان,  جامعة النيل – الخرطوم بحرى
331,كلية الصيدلة,  جامعة النيل – الخرطوم بحرى
332,كلية علوم المختبرات الطبية,  جامعة النيل – الخرطوم بحرى
333,كلية علوم التمريض,  جامعة النيل – الخرطوم بحرى
334,كلية نظم الحاسوب وتقانة المعلومات - هندسة البرمجيات,  جامعة النيل – الخرطوم بحرى
335,كلية نظم الحاسوب وتقانة المعلومات - تقانة المعلومات,  جامعة النيل – الخرطوم بحرى
336,كلية نظم الحاسوب وتقانة المعلومات - نظم المعلومات الإدارية,  جامعة النيل – الخرطوم بحرى
337,كلية العلوم الإدارية,  جامعة النيل – الخرطوم بحرى
338,كلية الطب والجراحة,جامعة البيان - الخرطوم
339,كلية طب الأسنان,جامعة البيان - الخرطوم
340,كلية الصيدلة,جامعة البيان - الخرطوم
341,كلية علوم المختبرات الطبية,جامعة البيان - الخرطوم
342,كلية علوم التمريض,جامعة البيان - الخرطوم
343,كلية الهندسـة – هندسة النظـم الإلكترونيـة,جامعة البيان - الخرطوم
344,كلية الهندسة- الهندسة الطبية الحيوية,جامعة البيان - الخرطوم
345,كلية الهندسة – الهندسة المدنية,جامعة البيان - الخرطوم
346,كلية علـوم الحاسـوب,جامعة البيان - الخرطوم
347,كلية نظـم المعلومـات,جامعة البيان - الخرطوم
348,كلية اللغــة العربيـة,جامعة البيان - الخرطوم
349,كلية علـم النفـــس,جامعة البيان - الخرطوم
350,كلية علوم ادارية - (علـم المحاسبة - إدارة الأعمال),جامعة البيان - الخرطوم
351,كلية علوم المختبرات الطبية,جامعة النصر  -  أم درمان
352,كلية علوم التمريض,جامعة النصر  -  أم درمان
353,كلية الهندسة والعمارة – هندسة العمــارة,جامعة النصر  -  أم درمان
354,كلية الهندسة والعمارة – الهندسة المدنية,جامعة النصر  -  أم درمان
355,كلية الهندسة والعمارة – الهندسة الكهربائية ( تحكم ),جامعة النصر  -  أم درمان
356,كلية الهندسة والعمارة – الهندسة الكهربائية ( اتصالات ),جامعة النصر  -  أم درمان
357,كلية علوم الحاسوب وتقانة المعلومات - هندسة البرمجيات,جامعة النصر  -  أم درمان
358,كلية علوم الحاسوب وتقانة المعلومات - تقنية المعلومات,جامعة النصر  -  أم درمان
359,كلية علوم الحاسوب وتقانة المعلومات - نظم المعلومات,جامعة النصر  -  أم درمان
360,كلية العلوم الإدارية,جامعة النصر  -  أم درمان
361,كلية التربية - الدراسات التربوية (علوم هندسية - حاسوب - رياضيات),جامعة النصر  -  أم درمان
362,كلية التربية - لغة إنجليزية,جامعة النصر  -  أم درمان
363,كلية التربية - تعليم قبل المدرسى,جامعة النصر  -  أم درمان
364,كلية علوم المختبرات الطبية,جامعة العلوم للدراسات التطبيقية  - الخرطوم
365,كلية الهندسة والعمارة - هندسة العمارة,جامعة العلوم للدراسات التطبيقية  - الخرطوم
366,كلية الهندسة والعمارة - الهندسة المدنية,جامعة العلوم للدراسات التطبيقية  - الخرطوم
367,كلية دراسات الحاسوب - تقنية المعلومات,جامعة العلوم للدراسات التطبيقية  - الخرطوم
368,كلية العلوم الإدارية,جامعة العلوم للدراسات التطبيقية  - الخرطوم
369,كلية دراسات الحاسوب - نظم المعلومات – ( المحاسبية – الإدارية – المصرفية ),جامعة العلوم للدراسات التطبيقية  - الخرطوم
370,كلية التصميم الداخلي,جامعة العلوم للدراسات التطبيقية  - الخرطوم
371,كلية الطب والجراحة,جامعة الشرق للعلوم والتكنولوجيا  - كسلا
372,كلية الصيدلة,جامعة الشرق للعلوم والتكنولوجيا  - كسلا
373,كلية علوم المختبـرات الطبية,جامعة الشرق للعلوم والتكنولوجيا  - كسلا
374,كلية علوم التمريض,جامعة الشرق للعلوم والتكنولوجيا  - كسلا
375,كليـة الصحـة العـامـة,جامعة الشرق للعلوم والتكنولوجيا  - كسلا
376,كليـة التغذية العلاجية,جامعة الشرق للعلوم والتكنولوجيا  - كسلا
377,كلية الآداب - اللغة الإنجليزية,جامعة الشرق للعلوم والتكنولوجيا  - كسلا
378,كلية الدراسات الإقتصادية والمصرفية,جامعة الشرق للعلوم والتكنولوجيا  - كسلا
379,كلية العلـوم الإداريـة,جامعة الشرق للعلوم والتكنولوجيا  - كسلا
380,كلية القانون,جامعة الشرق للعلوم والتكنولوجيا  - كسلا
381,كلية دراسات الحاسوب - تقنية المعلومات,جامعة الشرق للعلوم والتكنولوجيا  - كسلا
382,كلية الطب والجراحة,جامعة ودمدني للعلوم والتكنولوجيا - ودمدني
383,كلية الصيدلة,جامعة ودمدني للعلوم والتكنولوجيا - ودمدني
384,كلية علوم المختبرات الطبية,جامعة ودمدني للعلوم والتكنولوجيا - ودمدني
385,كلية علوم التمريض,جامعة ودمدني للعلوم والتكنولوجيا - ودمدني
386,كلية تقانة المعلومات,جامعة ودمدني للعلوم والتكنولوجيا - ودمدني
387,كلية العلوم الإدارية,جامعة ودمدني للعلوم والتكنولوجيا - ودمدني
388,كلية الطب والجراحة,جامعة شرق السودان للعلوم الطبية والتكنولوجيا - بورتسودان
389,كلية طب الأسنان,جامعة شرق السودان للعلوم الطبية والتكنولوجيا - بورتسودان
390,كلية الصيدلة,جامعة شرق السودان للعلوم الطبية والتكنولوجيا - بورتسودان
391,كلية المختبرات الطبية,جامعة شرق السودان للعلوم الطبية والتكنولوجيا - بورتسودان
392,كلية تكنولوجيا الأشعة التشخيصية,جامعة شرق السودان للعلوم الطبية والتكنولوجيا - بورتسودان
393,كلية العلاج الطبيعي,جامعة شرق السودان للعلوم الطبية والتكنولوجيا - بورتسودان
394,كلية تقانة المعلومات,جامعة شرق السودان للعلوم الطبية والتكنولوجيا - بورتسودان
395,كلية الإقتصاد والعلوم الإدارية,جامعة شرق السودان للعلوم الطبية والتكنولوجيا - بورتسودان
396,كلية الطب والجراحة,جامعة بورتسودان الأهلية - بورتسودان
397,كلية المختبـرات الطبية,جامعة بورتسودان الأهلية - بورتسودان
398,كلية علوم التمريض,جامعة بورتسودان الأهلية - بورتسودان
399,كلية علوم الحاسوب وتقانة المعلومات - تقنية المعلومات,جامعة بورتسودان الأهلية - بورتسودان
400,كلية علوم الحاسوب وتقانة المعلومات - نظم المعلومات,جامعة بورتسودان الأهلية - بورتسودان
401,كلية الإقتصاد والعلوم المصرفية,جامعة بورتسودان الأهلية - بورتسودان
402,كلية العلوم الإدارية,جامعة بورتسودان الأهلية - بورتسودان
403,كلية اللغات والترجمة - اللغة الإنجليزية والعربية,جامعة بورتسودان الأهلية - بورتسودان
404,علوم المختبرات الطبية,كلية شرق النيل
405,العمـارة والتخطيط البيئى,كلية شرق النيل
406,علوم الحاسوب,كلية شرق النيل
407,تقانة المعلومات,كلية شرق النيل
408,مدرسة العلوم الادارية والمحاسبة,كلية شرق النيل
409,مدرسة الإقتصاد والعلوم المالية,كلية شرق النيل
410,الإعــلام,كلية شرق النيل
411,علوم المختبرات الطبية,كلية المدار
412,علوم التمريض,كلية المدار
413,الهندسة المدنية,كلية المدار
414,الهندسة الكهربائية,كلية المدار
415,الإقتصاد والعلـوم المالية,كلية المدار
416,تقانة المعلومات,كلية المدار
417,إدارة الفندقة والسياحة,كلية المدار
418,العلوم الإدارية,كلية المدار
419,الدراسات المصرفية والمالية,كلية المدار
420,علـوم الحاسـوب,كلية السودان الجامعية للبنات
421,العلوم الإدارية,كلية السودان الجامعية للبنات
422,علوم الإتصال,كلية السودان الجامعية للبنات
423,الإقتصاد,كلية السودان الجامعية للبنات
424,اللغـة الإنجليـزية,كلية السودان الجامعية للبنات
425,الدراسات المصرفية والمالية,اكاديمية السودان للعلوم المالية والمصرفية
426,نظم المعلومات الإدارية,اكاديمية السودان للعلوم المالية والمصرفية
427,نظم المعلومات المحاسبية,اكاديمية السودان للعلوم المالية والمصرفية
428,نظم المعلومات المصرفية والمالية,اكاديمية السودان للعلوم المالية والمصرفية
429,الإقتصاد المالى,اكاديمية السودان للعلوم المالية والمصرفية
430,الإقتصاد والإحصاء التطبيقى,اكاديمية السودان للعلوم المالية والمصرفية
431,إدارة الأعمال,اكاديمية السودان للعلوم المالية والمصرفية
432,المحاسبة والتمويل,اكاديمية السودان للعلوم المالية والمصرفية
433,دراسات التامين,اكاديمية السودان للعلوم المالية والمصرفية
434,تقانة المعلومات,اكاديمية السودان للعلوم المالية والمصرفية
435,القانون,اكاديمية السودان للعلوم المالية والمصرفية
436,الطب والجراحة,كلية ابوبكر عثمان - مدنى
437,المختبرات الطبية,كلية ابوبكر عثمان - مدنى
438,التمريض,كلية ابوبكر عثمان - مدنى
439,العلوم الإدارية - ( المحاسبة – ادارة الاعمال),كلية ابوبكر عثمان - مدنى
440,تقنية المعلومات التجارية والمحاسبية,كلية ابوبكر عثمان - مدنى
441,الإقتصاد والدراسات المصرفية,كلية ابوبكر عثمان - مدنى
442,علوم المختبرات الطبية,كلية الابيض للعلوم والتقانة - الابيض
443,علوم التمريض,كلية الابيض للعلوم والتقانة - الابيض
444,تقانة المعلومات,كلية الابيض للعلوم والتقانة - الابيض
445,الإقتصاد وإدارة الأعمال,كلية الابيض للعلوم والتقانة - الابيض
446,نظم المعلومات الإدارية,كلية الابيض للعلوم والتقانة - الابيض
447,علم النفس ورياض الأطفال,كلية الابيض للعلوم والتقانة - الابيض
448,القانون,كلية الابيض للعلوم والتقانة - الابيض
449,الإعلام,كلية الابيض للعلوم والتقانة - الابيض
450,الطب والجراحة,كلية الإمارات للعلوم والتكنولوجيا ـ الخرطوم
451,المختبرات الطبية,كلية الإمارات للعلوم والتكنولوجيا ـ الخرطوم
452,علوم التمريض,كلية الإمارات للعلوم والتكنولوجيا ـ الخرطوم
453,العمارة والتخطيط البيئي,كلية الإمارات للعلوم والتكنولوجيا ـ الخرطوم
454,علـوم الحاسـوب,كلية الإمارات للعلوم والتكنولوجيا ـ الخرطوم
455,تقانة المعلومات,كلية الإمارات للعلوم والتكنولوجيا ـ الخرطوم
456,العلوم الإدارية - (المحاسبة - إدارة الأعمال),كلية الإمارات للعلوم والتكنولوجيا ـ الخرطوم
457,الإقتصاد والعلوم المصرفية,كلية الإمارات للعلوم والتكنولوجيا ـ الخرطوم
458,نظم المعلومات - ( نظم - المحاسبية – الإدارية – المصرفية ),كلية الإمارات للعلوم والتكنولوجيا ـ الخرطوم
459,اللغة الإنجليزية وآدابها,كلية الإمارات للعلوم والتكنولوجيا ـ الخرطوم
460,الإقتصاد والتنمية الريفية,كلية الامير عثمان دقنة -بورتسودان
461,الهندسة الكهربائية والإلكترونية,الكلية الاردنية السودانية للعلوم والتكنولوجيا-الخر
462,علوم الحاسوب,الكلية الاردنية السودانية للعلوم والتكنولوجيا-الخر
463,هندسة البرمجيات,الكلية الاردنية السودانية للعلوم والتكنولوجيا-الخر
464,تقانة المعلومات,الكلية الاردنية السودانية للعلوم والتكنولوجيا-الخر
465,نظم المعلومات المالية والإدارية والمصرفية,الكلية الاردنية السودانية للعلوم والتكنولوجيا-الخر
466,الدراسات الإسلامية,الكلية الاردنية السودانية للعلوم والتكنولوجيا-الخر
467,القانون,الكلية الاردنية السودانية للعلوم والتكنولوجيا-الخر
468,علوم التمريض,كلية كمبونى  للعلوم والتكنولوجيا- الخرطوم
469,علوم الحاسوب,كلية كمبونى  للعلوم والتكنولوجيا- الخرطوم
470,تقانة المعلومات,كلية كمبونى  للعلوم والتكنولوجيا- الخرطوم
471,اللغة الإنجليزية,كلية كمبونى  للعلوم والتكنولوجيا- الخرطوم
472,العلوم التربوية الدينية (المسيحية ),كلية كمبونى  للعلوم والتكنولوجيا- الخرطوم
473,التربية ( الحاسوب والتقنية ),كلية كمبونى  للعلوم والتكنولوجيا- الخرطوم
474,التربيـة اللغة الإنجليزيـة,كلية كمبونى  للعلوم والتكنولوجيا- الخرطوم
475,الطب,اكاديمية المنهل للعلوم - الخرطوم بحرى
476,طب الأسنان,اكاديمية المنهل للعلوم - الخرطوم بحرى
477,الصيدلة,اكاديمية المنهل للعلوم - الخرطوم بحرى
478,علوم المختبرات الطبية,اكاديمية المنهل للعلوم - الخرطوم بحرى
479,علوم التمريض,اكاديمية المنهل للعلوم - الخرطوم بحرى
480,الهندسة المدنية,اكاديمية المنهل للعلوم - الخرطوم بحرى
481,هندسة القدرة والتحكم,اكاديمية المنهل للعلوم - الخرطوم بحرى
482,هندسة النظم الألكترونية (حاسوب – اتصالات),اكاديمية المنهل للعلوم - الخرطوم بحرى
483,تقنية المعلومات,اكاديمية المنهل للعلوم - الخرطوم بحرى
484,نظم المعلومات الإدارية,اكاديمية المنهل للعلوم - الخرطوم بحرى
485,الإقتصاد ( إقتصاد – مصارف – تجارة خارجية ),اكاديمية المنهل للعلوم - الخرطوم بحرى
486,العلوم الإدارية,اكاديمية المنهل للعلوم - الخرطوم بحرى
487,القانون,اكاديمية المنهل للعلوم - الخرطوم بحرى
488,الطب والجراحة,كلية الامام الهادى - ام درمان
489,طب الأسنان,كلية الامام الهادى - ام درمان
490,علوم المختبرات الطبية,كلية الامام الهادى - ام درمان
491,علوم التمريض,كلية الامام الهادى - ام درمان
492,الهندسة الكهربائية,كلية الامام الهادى - ام درمان
493,الهندسة الطبية,كلية الامام الهادى - ام درمان
494,الطب البيطري,كلية الامام الهادى - ام درمان
495,التغذية العلاجية,كلية الامام الهادى - ام درمان
496,علوم الحاسوب,كلية الامام الهادى - ام درمان
497,تقانة المعلومات,كلية الامام الهادى - ام درمان
498,الآداب,كلية الامام الهادى - ام درمان
499,العلوم  الإداريه,كلية الامام الهادى - ام درمان
500,الإقتصاد والدراسات المصرفية والمالية,كلية الامام الهادى - ام درمان
501,الشريعة والقانون,كلية الامام الهادى - ام درمان
502,السياحه والفندقة,كلية الامام الهادى - ام درمان
503,الإعلام,كلية الامام الهادى - ام درمان
504,علم النفس ورياض الأطفال,كلية الامام الهادى - ام درمان
505,اللغة الإنجليزية,كلية الامام الهادى - ام درمان
506,التربية – دراسات إسلامية,كلية الامام الهادى - ام درمان
507,التربية – لغة عربية,كلية الامام الهادى - ام درمان
508,الطب,كلية العلوم الهندسية والطبية - الخرطوم
509,المختبرات الطبية,كلية العلوم الهندسية والطبية - الخرطوم
510,علوم التمريض,كلية العلوم الهندسية والطبية - الخرطوم
511,العمارة والتخطيط,كلية العلوم الهندسية والطبية - الخرطوم
512,هندسة التحكم والقياس,كلية العلوم الهندسية والطبية - الخرطوم
513,هندسة الطاقة,كلية العلوم الهندسية والطبية - الخرطوم
514,هندسة الاتصالات,كلية العلوم الهندسية والطبية - الخرطوم
515,هندسة الحاسوب والإلكترونيات,كلية العلوم الهندسية والطبية - الخرطوم
516,هندسة الميكاترونكس,كلية العلوم الهندسية والطبية - الخرطوم
517,الهندسة الطبية,كلية العلوم الهندسية والطبية - الخرطوم
518,الرياضيات وعلوم الحاسوب,كلية العلوم الهندسية والطبية - الخرطوم
519,تقانة المعلومات,كلية العلوم الهندسية والطبية - الخرطوم
520,العلوم الإدارية,كلية العلوم الهندسية والطبية - الخرطوم
521,الطب,الكلية الكندية السودانية- الخرطوم
522,علوم المختبرات الطبية,الكلية الكندية السودانية- الخرطوم
523,علوم التمريض,الكلية الكندية السودانية- الخرطوم
524,نظم المعلومات – ( المحوسبة– الإدارية ),الكلية الكندية السودانية- الخرطوم
525,إدارة الأعمال - (إدارة الأعمال- التسويق),الكلية الكندية السودانية- الخرطوم
526,تقنية المعلومات,الكلية الكندية السودانية- الخرطوم
527,أصول الدين والدراسات الإسلامية,كلية جبرة العلمية- الخرطوم
528,القرآن الكريم والدراسات الإسلامية,كلية جبرة العلمية- الخرطوم
529,العقيدة والدراسات الإسلامية,كلية جبرة العلمية- الخرطوم
530,الدراسات الإسلامية واللغة العربية,كلية جبرة العلمية- الخرطوم
531,التربية الدراسات الإسلامية,كلية جبرة العلمية- الخرطوم
532,اللغات – ( الانجليزية - الفرنسية ),كلية السلام للغات والترجمة- الخرطوم
533,العلوم الإدارية,كلية السلام للغات والترجمة- الخرطوم
534,علوم المختبرات الطبية,كلية غرب النيل امدرمان
535,العلوم الإدارية,كلية غرب النيل امدرمان
536,علم النفس,كلية غرب النيل امدرمان
537,الإعلام والعلاقات العامة,كلية غرب النيل امدرمان
538,تقانة المعلومات,كلية غرب النيل امدرمان
539,المختبرات الطبية,كلية الجزيرة التقنية - الخرطوم
540,علوم التمريض,كلية الجزيرة التقنية - الخرطوم
541,الأشعة الطبية,كلية الجزيرة التقنية - الخرطوم
542,الصحة العامة وصحة البيئة,كلية الجزيرة التقنية - الخرطوم
543,العلاج الطبيعى,كلية الجزيرة التقنية - الخرطوم
544,العمارة,كلية الجزيرة التقنية - الخرطوم
545,الهندسة الكهربائية والإلكترونية,كلية الجزيرة التقنية - الخرطوم
546,الهندسة الطبية,كلية الجزيرة التقنية - الخرطوم
547,علوم الحاسوب,كلية الجزيرة التقنية - الخرطوم
548,تقنية المعلومات,كلية الجزيرة التقنية - الخرطوم
549,العلوم الإدارية,كلية الجزيرة التقنية - الخرطوم
550,العلوم الإقتصادية,كلية الجزيرة التقنية - الخرطوم
551,اللغة الإنجليزية,كلية الجزيرة التقنية - الخرطوم
552,تقانة المعلومات,كلية امدرمان لتكنولوجيا الصحافة و الطباعة
553,العلوم الإدارية,كلية امدرمان لتكنولوجيا الصحافة و الطباعة
554,تكنولوجيا الصحافة,كلية امدرمان لتكنولوجيا الصحافة و الطباعة
555,تكنولوجيا الطباعة,كلية امدرمان لتكنولوجيا الصحافة و الطباعة
556,الطب البشرى,كلية اليرموك
557,طب الأسنان,كلية اليرموك
558,الصيدلة,كلية اليرموك
559,المختبرات الطبية,كلية اليرموك
560,علوم المختبرات الطبية,كلية الكاملين للعلوم والتقانة - الكاملين
561,علوم التمريض,كلية الكاملين للعلوم والتقانة - الكاملين
562,العلوم الإدارية ( المحاسبة – إدارة الأعمال),كلية الكاملين للعلوم والتقانة - الكاملين
563,الإقتصاد (الإقتصاد – البنوك والتمويل),كلية الكاملين للعلوم والتقانة - الكاملين
564,تقانة المعلومات,كلية الكاملين للعلوم والتقانة - الكاملين
565,اللغة الإنجليزية وآدابها,كلية الكاملين للعلوم والتقانة - الكاملين
566,علوم التمريض,كلية العلوم التنموية والتكنولوجية
567,علوم الحاسوب,كلية العلوم التنموية والتكنولوجية
568,نظم الحاسوب والشبكات,كلية العلوم التنموية والتكنولوجية
569,الإقتصاد,كلية العلوم التنموية والتكنولوجية
570,العلوم الإدارية,كلية العلوم التنموية والتكنولوجية
571,تقنية المعلومات,كلية العلوم التنموية والتكنولوجية
572,إدارة المنظمات,كلية العلوم التنموية والتكنولوجية
573,الطب والجراحة,كلية إقرأ للعلوم والتكنولوجيا
574,طب الأسنان,كلية إقرأ للعلوم والتكنولوجيا
575,الصيدلة,كلية إقرأ للعلوم والتكنولوجيا
576,المختبرات الطبية,كلية إقرأ للعلوم والتكنولوجيا
577,التمريض,كلية إقرأ للعلوم والتكنولوجيا
578,الإقتصاد والدراسات المصرفية,كلية إقرأ للعلوم والتكنولوجيا
579,العلوم الإدارية,كلية إقرأ للعلوم والتكنولوجيا
580,الدراسات الإسلامية,كلية إقرأ للعلوم والتكنولوجيا
581,الطب والجراحة,كلية بحرى الاهلية
582,علوم المختبرات الطبية,كلية بحرى الاهلية
583,علوم التمريض,كلية بحرى الاهلية
584,هندسة العماره,كلية بحرى الاهلية
585,الهندسة الإلكترونية,كلية بحرى الاهلية
586,الهندسة الكهربائية,كلية بحرى الاهلية
587,الهندسة المدنية,كلية بحرى الاهلية
588,الهندسة الطبية,كلية بحرى الاهلية
589,تقنية المعلومات,كلية بحرى الاهلية
590,العلوم الإدارية (المحاسبة - ادارة الأعمال - التسويق ),كلية بحرى الاهلية
591,اللغات – (العربية– الإنجليزية – الصينية ),كلية بحرى الاهلية
592,التصميم الداخلى,كلية بحرى الاهلية
593,الإقتصاد,
594,القانون,
595,بكالوريوس تعليم اللغة العربية لغير الناطقين بها,معهد الخرطوم الدولى للغة العربية
596,البكالوريوس العام فى اللغة العربية للناطقين بغيرها,معهد الخرطوم الدولى للغة العربية
597,الصحة العامة,كلية النور للعلوم والتكنولوجيا
598,هندسة النظم الإلكترونية,كلية النور للعلوم والتكنولوجيا
599,الهندسة الطبية الحيوية,كلية النور للعلوم والتكنولوجيا
600,العلوم الإدارية,كلية النور للعلوم والتكنولوجيا
601,العلوم الإقتصادية,كلية النور للعلوم والتكنولوجيا
602,اللغة الإنجليزية,كلية النور للعلوم والتكنولوجيا
603,تقانة المعلومات,كلية النور للعلوم والتكنولوجيا
604,الطب,كلية دلتا العلوم والتكنولوجيا - امدرمان
605,علوم المختبرات الطبية,كلية دلتا العلوم والتكنولوجيا - امدرمان
606,علوم التمريض,كلية دلتا العلوم والتكنولوجيا - امدرمان
607,العلاج الطبيعى,كلية دلتا العلوم والتكنولوجيا - امدرمان
608,القبالة,كلية دلتا العلوم والتكنولوجيا - امدرمان
609,الهندسة الطبية,كلية دلتا العلوم والتكنولوجيا - امدرمان
610,الدراسات الإسلامية,كلية دلتا العلوم والتكنولوجيا - امدرمان
611,العلوم الإدارية,كلية دلتا العلوم والتكنولوجيا - امدرمان
612,تقنية المعلومات,كلية دلتا العلوم والتكنولوجيا - امدرمان
613,الشريعة والقانون,كلية دلتا العلوم والتكنولوجيا - امدرمان
614,الآداب – اللغة العربية للناطقين بغيرها,كلية دلتا العلوم والتكنولوجيا - امدرمان
615,الطب والجراحة,  كلية ستارز للعلوم الطبية والتقنية ـ الخرطوم
616,المختبرات الطبية,  كلية ستارز للعلوم الطبية والتقنية ـ الخرطوم
617,علوم التمريض,  كلية ستارز للعلوم الطبية والتقنية ـ الخرطوم
618,الفندقـة والسياحــة,  كلية ستارز للعلوم الطبية والتقنية ـ الخرطوم
619,تقانة المعلومات,  كلية ستارز للعلوم الطبية والتقنية ـ الخرطوم
620,العلوم الإدارية,  كلية ستارز للعلوم الطبية والتقنية ـ الخرطوم
621,الإعــــــــلام,  كلية ستارز للعلوم الطبية والتقنية ـ الخرطوم
622,اللغـة الإنجليزيــة,  كلية ستارز للعلوم الطبية والتقنية ـ الخرطوم
623,الطب والجراحة,كلية الحكمة للعلوم والتكنولوجيا
624,التمريض,كلية الحكمة للعلوم والتكنولوجيا
625,هندسة العماره,كلية الحكمة للعلوم والتكنولوجيا
626,الهندسة المدنية,كلية الحكمة للعلوم والتكنولوجيا
627,الهندسة الكهربائية والإلكترونيات,كلية الحكمة للعلوم والتكنولوجيا
628,نظم المعلومات الإدارية والمحاسبية,كلية الحكمة للعلوم والتكنولوجيا
629,الهندسة الميكانيكية (قدرة – تصنيع),كلية المنارة الجامعية
630,الهندسة الكهربائية (تحكم – قدرة),كلية المنارة الجامعية
631,تقانة المعلومات,كلية المنارة الجامعية
632,العلوم الادارية ( المحاسبة والتمويل - إدارة الأعمال ),كلية المنارة الجامعية
633,الطب البشرى,كلية النهضة
634,طب الأسنان,كلية النهضة
635,الصيدلة,كلية النهضة
636,المختبرات الطبية,كلية النهضة
637,التمريض,كلية النهضة
638,التصوير الطبى التشخيصى,كلية النهضة
639,هندسة التحكم,كلية النهضة
640,هندسة الاتصالات,كلية النهضة
641,هندسة الحاسوب,كلية النهضة
642,الهندسة الطبية الحيوية,كلية النهضة
643,العلوم الإدارية,كلية النهضة
644,تقانة المعلومات,كلية النهضة
645,اللغـة الإنجليزيــة,كلية النهضة
646,الهندسة المدنية,كلية كامبردج العالمية - الخرطوم بحرى
647,الهندسة الكهربائية (قدرة وتحكم – اتصالات),كلية كامبردج العالمية - الخرطوم بحرى
648,تقنية المعلومات,كلية كامبردج العالمية - الخرطوم بحرى
649,العلوم الإدارية (المحاسبة - إدارة الأعمال ),كلية كامبردج العالمية - الخرطوم بحرى
650,اللغة الإنجليزية وآدابها,كلية كامبردج العالمية - الخرطوم بحرى
651,الطب والجراحة,كلية الصفوة للعلوم والتقانة
652,علوم المختبرات الطبية,كلية الصفوة للعلوم والتقانة
653,التمريض,كلية الصفوة للعلوم والتقانة
654,هندسة الاتصالات,كلية الصفوة للعلوم والتقانة
655,الجمارك,كلية الصفوة للعلوم والتقانة
656,إدارة الأعمال,كلية الصفوة للعلوم والتقانة
657,تقنية المعلومات,كلية الصفوة للعلوم والتقانة
658,إدارة المنظمات الدولية والدبلوماسية,كلية الصفوة للعلوم والتقانة
659,الطب والجراحة, كلية السلامة للعلوم والتكنولوجيا – بحرى
660,المختبرات الطبية, كلية السلامة للعلوم والتكنولوجيا – بحرى
661,علوم التمريض, كلية السلامة للعلوم والتكنولوجيا – بحرى
662,هندسة العمارة, كلية السلامة للعلوم والتكنولوجيا – بحرى
663,الهندسة الميكانيكية (انتاج – قدرة), كلية السلامة للعلوم والتكنولوجيا – بحرى
664,الهندسة الكهربائية ( تحكم– طاقة), كلية السلامة للعلوم والتكنولوجيا – بحرى
665,الهندسة المدنية, كلية السلامة للعلوم والتكنولوجيا – بحرى
666,الهندسة الطبية, كلية السلامة للعلوم والتكنولوجيا – بحرى
667,تقانة المعلومات, كلية السلامة للعلوم والتكنولوجيا – بحرى
668,القانون, كلية السلامة للعلوم والتكنولوجيا – بحرى
669,العلوم الإدارية, كلية السلامة للعلوم والتكنولوجيا – بحرى
670,علوم الحاسوب,كلية الريادة لعلوم إدارة الأعمال والتكنولوجيا
671,تقنية المعلومات,كلية الريادة لعلوم إدارة الأعمال والتكنولوجيا
672,نظم المعلومات,كلية الريادة لعلوم إدارة الأعمال والتكنولوجيا
673,علوم إدارة الأعمال,كلية الريادة لعلوم إدارة الأعمال والتكنولوجيا
674,العلوم الإقتصادية,كلية الريادة لعلوم إدارة الأعمال والتكنولوجيا
675,الطب,كلية الأفق للعلوم والتكنولوجيا
676,علوم المختبرات الطبية,كلية الأفق للعلوم والتكنولوجيا
677,علوم التمريض,كلية الأفق للعلوم والتكنولوجيا
678,العلاج الطبيعى,كلية الأفق للعلوم والتكنولوجيا
679,تقنية المعلومات,كلية الأفق للعلوم والتكنولوجيا
680,العلوم الإدارية,كلية الأفق للعلوم والتكنولوجيا
681,الإقتصاد والعلوم المالية,كلية الأفق للعلوم والتكنولوجيا
682,اللغة الإنجليزية وآدابها,كلية الأفق للعلوم والتكنولوجيا
683,الطب والجراحة,كلية العلوم الجمركية والطبية والتكنولوجيا - الخرطوم
684,طب الأسنان,كلية العلوم الجمركية والطبية والتكنولوجيا - الخرطوم
685,علوم المختبرات الطبية,كلية العلوم الجمركية والطبية والتكنولوجيا - الخرطوم
686,الإشعة,كلية العلوم الجمركية والطبية والتكنولوجيا - الخرطوم
687,علوم التمريض,كلية العلوم الجمركية والطبية والتكنولوجيا - الخرطوم
688,تقنية المعلومات,كلية العلوم الجمركية والطبية والتكنولوجيا - الخرطوم
689,العلوم الجمركية,كلية العلوم الجمركية والطبية والتكنولوجيا - الخرطوم
690,الإقتصاد والتجارة الدولية,كلية العلوم الجمركية والطبية والتكنولوجيا - الخرطوم
691,العلوم الإدارية,كلية العلوم الجمركية والطبية والتكنولوجيا - الخرطوم
692,العلوم الإدارية,كلية الخرطوم للطيران والتكنولوجيا - الخرطوم
693,علوم البصريات,كلية مكة التقنية لطب العيون - الخرطوم
694,مساعد طب العيون,كلية مكة التقنية لطب العيون - الخرطوم
695,تقانى العيون,كلية مكة التقنية لطب العيون - الخرطوم
696,هندسة ميكانيكا الطيران,كلية صافات للعلوم والتقانة - الخرطوم
697,الهندسـة المـدنية,كلية صافات للعلوم والتقانة - الخرطوم
698,تقانة المعلومات,كلية صافات للعلوم والتقانة - الخرطوم
699,العلوم الإدارية,كلية صافات للعلوم والتقانة - الخرطوم
700,هندسة العمارة,الكلية السودانية للعلوم والتكنولوجيا – ام درمان
701,تقانة المعلومات,الكلية السودانية للعلوم والتكنولوجيا – ام درمان
702,العلوم الإدارية,الكلية السودانية للعلوم والتكنولوجيا – ام درمان
703,الطب,كلية نبتة - الخرطوم
704,طب الأسنان,كلية نبتة - الخرطوم
705,الصيدلة,كلية نبتة - الخرطوم
706,علوم المختبرات الطبية,كلية نبتة - الخرطوم
707,علوم التمريض,كلية نبتة - الخرطوم
708,علوم الحاسوب,كلية نبتة - الخرطوم
709,تقانة المعلومات,كلية نبتة - الخرطوم
710,العلوم الإدارية,كلية نبتة - الخرطوم
711,الطب والجراحة,كلية الجزيرة للعلوم الطبية والتكنولوجيا - مدنى
712,الصيدلة,كلية الجزيرة للعلوم الطبية والتكنولوجيا - مدنى
713,علوم المختبرات الطبية,كلية الجزيرة للعلوم الطبية والتكنولوجيا - مدنى
714,التمريض,كلية الجزيرة للعلوم الطبية والتكنولوجيا - مدنى
715,العلوم الإدارية,كلية الجزيرة للعلوم الطبية والتكنولوجيا - مدنى
716,تقانة المعلومات,كلية الجزيرة للعلوم الطبية والتكنولوجيا - مدنى
717,هندسة الاتصالات,أكاديمية السودان لعلوم وتكنولوجيا الطيران - الخرطوم
718,هندسة نظم الطيران,أكاديمية السودان لعلوم وتكنولوجيا الطيران - الخرطوم
719,إدارة الحركة الجوية,أكاديمية السودان لعلوم وتكنولوجيا الطيران - الخرطوم
720,إدارة الطيران,أكاديمية السودان لعلوم وتكنولوجيا الطيران - الخرطوم
721,تقانة المعلومات,أكاديمية السودان لعلوم وتكنولوجيا الطيران - الخرطوم
722,الطب البشرى,كلية الفجر للعلوم والتكنلوجيا
723,طب الأسنان,كلية الفجر للعلوم والتكنلوجيا
724,الصيدلة,كلية الفجر للعلوم والتكنلوجيا
725,المختبرات الطبية,كلية الفجر للعلوم والتكنلوجيا
726,علوم التمريض,كلية الفجر للعلوم والتكنلوجيا
727,العلاج الطبيعى,كلية الفجر للعلوم والتكنلوجيا
728,العلوم الإدارية,كلية الفجر للعلوم والتكنلوجيا
729,تقانة المعلومات,كلية الفجر للعلوم والتكنلوجيا
730,العلوم الإدارية,كلية فكتوريا للعلوم والتكنولوجيا - الخرطوم
731,الطب,كلية الحياة
732,طب الأسنان,كلية الحياة
733,الصيدلة,كلية الحياة
734,علوم المختبرات الطبية,كلية الحياة
735,التمريض,كلية الحياة
736,هندسة الاتصالات,كلية الحياة
737,الهندسة الطبية,كلية الحياة
738,الهندسة الكهربائية (انظمة القدرة ),كلية الحياة
739,تقانة المعلومات,كلية الحياة
740,البكالوريوس التقانى فى هندسة الكهرباء والإلكترونيات,كلية انترناشونال للعلوم والتكنولوجيا
741,البكالوريوس التقانى فى هندسة صيانة الطائرات,كلية انترناشونال للعلوم والتكنولوجيا
742,العلوم الإدارية,كلية انترناشونال للعلوم والتكنولوجيا
743,الطب والجراحة,كلية القضارف للعلوم والتكنولوجيا - القضارف
744,المختبرات الطبية,كلية القضارف للعلوم والتكنولوجيا - القضارف
745,الإقتصاد والعلوم والإدارية,كلية القضارف للعلوم والتكنولوجيا - القضارف
746,رياض الاطفال والتربية الخاصة,كلية القضارف للعلوم والتكنولوجيا - القضارف
747,المحاسبة والمراجعة الإلكترونية,كلية المعرفة للعلوم والتكنولوجيا - الخرطوم
748,التامين الآكشورى,كلية المعرفة للعلوم والتكنولوجيا - الخرطوم
749,الإقتصاد,كلية المعرفة للعلوم والتكنولوجيا - الخرطوم
750,إدارة الاعمال,كلية المعرفة للعلوم والتكنولوجيا - الخرطوم
751,الطب والجراحة,كلية الصفا - الخرطوم
752,طب الأسنان,كلية الصفا - الخرطوم
753,الصيدلة,كلية الصفا - الخرطوم
754,العلاج الطبيعي,كلية الصفا - الخرطوم
755,هندسة البرمجيات,كلية رويال للعلوم والتكنولوجيا - الخرطوم
756,تقانة المعلومات,كلية رويال للعلوم والتكنولوجيا - الخرطوم
757,نظم المعلومات,كلية رويال للعلوم والتكنولوجيا - الخرطوم
758,العلوم الإدارية,كلية رويال للعلوم والتكنولوجيا - الخرطوم
760,تقانة المعلومات,كلية المقرن للعلوم والتكنولوجيا - امدرمان
761,العلوم الإدارية,كلية المقرن للعلوم والتكنولوجيا - امدرمان
762,نظم المعلومات المحاسبية,كلية المقرن للعلوم والتكنولوجيا - امدرمان
763,نظم المعلومات الإدارية,كلية المقرن للعلوم والتكنولوجيا - امدرمان
764,نظم المعلومات المصرفية,كلية المقرن للعلوم والتكنولوجيا - امدرمان
765,الطب والجراحة,كلية شمال كردفان - الأبيض
766,علوم التمريض,كلية شمال كردفان - الأبيض
767,العلوم الإدارية,كلية شمال كردفان - الأبيض
768,اللغة الإنجليزية وآدابها,كلية شمال كردفان - الأبيض
769,تقانة المعلومات,كلية شمال كردفان - الأبيض
770,العلوم الإدارية,كلية العلا للعلوم والتكنولوجيا - الخرطوم
771,الإقتصاد,كلية العلا للعلوم والتكنولوجيا - الخرطوم
772,تقانة المعلومات,كلية العلا للعلوم والتكنولوجيا - الخرطوم
773,الطب والجراحة,كلية دار العلوم والتكنولوجيا - الخرطوم
774,علوم المختبرات الطبية,كلية دار العلوم والتكنولوجيا - الخرطوم
775,علوم التمريض,كلية دار العلوم والتكنولوجيا - الخرطوم
776,العلوم الإدارية,كلية دار العلوم والتكنولوجيا - الخرطوم
777,تقانة المعلومات,كلية دار العلوم والتكنولوجيا - الخرطوم
778,الإقتصاد والدراسات المصرفية,كلية دار العلوم والتكنولوجيا - الخرطوم
779,القانون,كلية دار العلوم والتكنولوجيا - الخرطوم
780,الطب والجراحة,كلية إمبريال - الخرطوم
781,طب وجراحة الأسنان,كلية إمبريال - الخرطوم
782,الصيدلة,كلية إمبريال - الخرطوم
783,علوم المختبرات الطبية,كلية إمبريال - الخرطوم
784,علوم التمريض,كلية إمبريال - الخرطوم
785,العلوم الإدارية,كلية إمبريال - الخرطوم
786,القانون,كلية إمبريال - الخرطوم
787,الطب,كلية المدائن للعلوم الطبية والتكنولوجيا - الخرطوم
788,طب وجراحة الأسنان,كلية المدائن للعلوم الطبية والتكنولوجيا - الخرطوم
789,الصيدلة,كلية المدائن للعلوم الطبية والتكنولوجيا - الخرطوم
790,علوم المختبرات الطبية,كلية المدائن للعلوم الطبية والتكنولوجيا - الخرطوم
791,علوم التمريض,كلية المدائن للعلوم الطبية والتكنولوجيا - الخرطوم
792,الهندسة المدنية,كلية المدائن للعلوم الطبية والتكنولوجيا - الخرطوم
793,العلوم الإدارية,كلية المدائن للعلوم الطبية والتكنولوجيا - الخرطوم
794,تقانة المعلومات,كلية المدائن للعلوم الطبية والتكنولوجيا - الخرطوم
795,الشريعة والقانون,كلية النبلاء للعلوم والتكنولوجيا
796,العلوم الإدارية,كلية النبلاء للعلوم والتكنولوجيا
797,تقانة المعلومات,كلية النبلاء للعلوم والتكنولوجيا
798,المختبرات الطبية,الكلية العالمية للعلوم والتكنولوجيا
799,علوم التمريض,الكلية العالمية للعلوم والتكنولوجيا
800,اللغة الإنجليزية,الكلية العالمية للعلوم والتكنولوجيا
801,العلوم الإدارية,الكلية العالمية للعلوم والتكنولوجيا
802,تقانة المعلومات,الكلية العالمية للعلوم والتكنولوجيا
803,الإعلام,الكلية العالمية للعلوم والتكنولوجيا
804,الطب والجراحة,كلية الفارابي للعلوم والتقانة
805,المختبرات الطبية,كلية الفارابي للعلوم والتقانة
806,التمريض,كلية الفارابي للعلوم والتقانة
807,الهندسة الكهربائية,كلية الفارابي للعلوم والتقانة
808,هندسة المعمار,كلية الفارابي للعلوم والتقانة
809,تقانة المعلومات,كلية الفارابي للعلوم والتقانة
810,العلوم الإدارية,كلية الفارابي للعلوم والتقانة
811,الهندسة الكهربائية والإلكترونية,كلية سيتي للعلوم والتكنولوجيا
812,هندسة العماره,كلية سيتي للعلوم والتكنولوجيا
813,الهندسة المدنية,كلية سيتي للعلوم والتكنولوجيا
814,العلوم الإدارية,كلية سيتي للعلوم والتكنولوجيا
815,الطب,كلية طيبة للعلوم والتكنولوجيا
816,الصيدلة,كلية طيبة للعلوم والتكنولوجيا
817,علوم المختبرات الطبية,كلية طيبة للعلوم والتكنولوجيا
818,التمريض,كلية طيبة للعلوم والتكنولوجيا
819,الهندسة الطبية,كلية طيبة للعلوم والتكنولوجيا
820,تقانة المعلومات,كلية طيبة للعلوم والتكنولوجيا
821,العلوم الإدارية,كلية طيبة للعلوم والتكنولوجيا
822,الطب,"كلية المجد للعلوم الطبية والتكنولوجيا - الحصاحيصا 
"
823,علوم المختبرات الطبية,"كلية المجد للعلوم الطبية والتكنولوجيا - الحصاحيصا 
"
824,علوم التمريض,"كلية المجد للعلوم الطبية والتكنولوجيا - الحصاحيصا 
"
825,العلوم الإدارية,"كلية المجد للعلوم الطبية والتكنولوجيا - الحصاحيصا 
"
826,تقانة المعلومات,"كلية المجد للعلوم الطبية والتكنولوجيا - الحصاحيصا 
"
827,الطب والجراحة,كلية الرياض العالمية - الخرطوم
828,طب الأسنان,كلية الرياض العالمية - الخرطوم
829,الصيدلة,كلية الرياض العالمية - الخرطوم
830,علوم المختبرات الطبية,كلية الرياض العالمية - الخرطوم
831,علوم التمريض,كلية الرياض العالمية - الخرطوم
832,تقانة المعلومات,كلية الرياض العالمية - الخرطوم
833,الإقتصاد,كلية غبيش للعلوم والتكنولوجيا - غبيش
834,العلوم الإدارية,كلية غبيش للعلوم والتكنولوجيا - غبيش
835,تقانة المعلومات,كلية غبيش للعلوم والتكنولوجيا - غبيش
836,القانون,كلية غبيش للعلوم والتكنولوجيا - غبيش
837,تقانة المعلومات,كلية خورطقت - الابيض
838,العلوم الإدارية ( ادارة الاعمال – المحاسبة),كلية خورطقت - الابيض
839,القانون,كلية خورطقت - الابيض
840,الطب,كلية زمزم - الخرطوم
841,الصيدلة,كلية زمزم - الخرطوم
842,المختبرات الطبية,كلية زمزم - الخرطوم
843,علوم التمريض,كلية زمزم - الخرطوم
844,تقانة المعلومات,كلية زمزم - الخرطوم
845,العلوم الإدارية – إدارة الأعمال,كلية زمزم - الخرطوم
846,الطب والجراحة,كلية ابن خلدون
847,طب الأسنان,كلية ابن خلدون
848,الصيدلة,كلية ابن خلدون
849,علوم المختبرات الطبية,كلية ابن خلدون
850,علوم التمريض,كلية ابن خلدون
851,تقانة المعلومات,كلية ابن خلدون
852,العلوم الإدارية,كلية ابن خلدون
853,تقانة المعلومات,كلية الشرق الأوسط التكنولوجية
854,العلوم الإدارية,كلية الشرق الأوسط التكنولوجية
855,الطب والجراحة,كلية جنوب الصحراء - الفاشر
856,المختبرات الطبية,كلية جنوب الصحراء - الفاشر
857,علوم التمريض,كلية جنوب الصحراء - الفاشر
858,نظم الحاسوب والشبكات,كلية جنوب الصحراء - الفاشر
859,الوسائط المتعددة,كلية جنوب الصحراء - الفاشر
860,تقانة المعلومات,كلية جنوب الصحراء - الفاشر
861,العلوم الإدارية,كلية جنوب الصحراء - الفاشر
862,الطب,كلية دارفور - نيالا
863,طب الأسنان,كلية دارفور - نيالا
864,علوم المختبرات الطبية,كلية دارفور - نيالا
865,علوم التمريض,كلية دارفور - نيالا
866,العلوم الإدارية,كلية دارفور - نيالا
867,اللغة الإنجليزية,كلية دارفور - نيالا
868,القرآن الكريم والدراسات الإسلامية - الدراسات الإسلامية,كلية السيد نورالدائم العجيمي التقانية – الولاية الشمالية
869,القرآن الكريم والدراسات الإسلامية - القراءات,كلية السيد نورالدائم العجيمي التقانية – الولاية الشمالية
870,الطب والجراحة,كلية عزة للبنات - الخرطوم
871,المختبرات الطبية,كلية عزة للبنات - الخرطوم
872,الأشعة والتصوير الطبى,كلية عزة للبنات - الخرطوم
873,العلاج الطبيعى,كلية عزة للبنات - الخرطوم
874,علوم التمريض,كلية عزة للبنات - الخرطوم
875,الطب والجراحة,كلية القلم للعلوم والتكنولوجيا – أم درمان
876,علوم المختبرات الطبية,كلية القلم للعلوم والتكنولوجيا – أم درمان
877,علوم التمريض,كلية القلم للعلوم والتكنولوجيا – أم درمان
878,علوم الأغذية والزراعة,كلية القلم للعلوم والتكنولوجيا – أم درمان
879,الدراسات الإسلامية,كلية القلم للعلوم والتكنولوجيا – أم درمان
880,العلوم الإدارية,كلية القلم للعلوم والتكنولوجيا – أم درمان
881,تقانة المعلومات,كلية القلم للعلوم والتكنولوجيا – أم درمان
882,الطب والجراحة,كلية شيكان - الأبيض
883,علوم الأشعة التشخيصية,كلية شيكان - الأبيض
884,التمريض,كلية شيكان - الأبيض
885,الطب,كلية البحرين - الدمازين
886,علوم المختبرات الطبية,كلية البحرين - الدمازين
887,العلوم الإدارية,كلية البحرين - الدمازين
888,الهندسة الطبية الاحيائية,كلية السافنا - نيالا
889,العلوم الإدارية,كلية السافنا - نيالا
890,العلوم الإدارية,كلية أم درمان للطيران والتكنولوجيا – أم درمان
891,الإقتصاد والعلوم المالية,كلية أم درمان للطيران والتكنولوجيا – أم درمان
892,الجمارك والتجارة الدولية,كلية أم درمان للطيران والتكنولوجيا – أم درمان
893,العمليات الجوية,كلية أم درمان للطيران والتكنولوجيا – أم درمان
894,تقانة المعلومات,كلية أم درمان للطيران والتكنولوجيا – أم درمان
895,الطب البشرى,كلية الأندلس للعلوم الطبية والتكنولوجيا - ودمدنى
896,المختبرات الطبية,كلية الأندلس للعلوم الطبية والتكنولوجيا - ودمدنى
897,التمريض,كلية الأندلس للعلوم الطبية والتكنولوجيا - ودمدنى
898,العلوم الإدارية,كلية الأندلس للعلوم الطبية والتكنولوجيا - ودمدنى
899,القانون,كلية الأندلس للعلوم الطبية والتكنولوجيا - ودمدنى
900,الطب,كلية الخوارزمي للعلوم والتكنولوجيا - بحري
901,المختبرات الطبية,كلية الخوارزمي للعلوم والتكنولوجيا - بحري
902,الأشعة والتصوير الطبي,كلية الخوارزمي للعلوم والتكنولوجيا - بحري
903,العلاج الطبيعي,كلية الخوارزمي للعلوم والتكنولوجيا - بحري
904,علوم التمريض,كلية الخوارزمي للعلوم والتكنولوجيا - بحري
905,تقانة المعلومات,كلية الخوارزمي للعلوم والتكنولوجيا - بحري
906,العلوم الإدارية,كلية الخوارزمي للعلوم والتكنولوجيا - بحري
907,الطب,كلية يونتي للعلوم الطبية والتكنولوجيا - نيالا
908,المختبرات الطبية,كلية يونتي للعلوم الطبية والتكنولوجيا - نيالا
909,علوم التمريض,كلية يونتي للعلوم الطبية والتكنولوجيا - نيالا
910,العلوم الإدارية,كلية يونتي للعلوم الطبية والتكنولوجيا - نيالا
911,القراءات وعلوم القرآن,أكاديمية القراء
912,الدعــوة,أكاديمية القراء
913,العلوم الإدارية,كلية الدمازين للعلوم الطبية والتكنولوجيا - الدمازين
914,تقانة المعلومات,كلية الدمازين للعلوم الطبية والتكنولوجيا - الدمازين
915,الطب,كلية الغرب للعلوم والتكنولوجيا
916,المختبرات الطبية,كلية الغرب للعلوم والتكنولوجيا
917,علوم التمريض,كلية الغرب للعلوم والتكنولوجيا
918,تقانة المعلومات,كلية الغرب للعلوم والتكنولوجيا
919,العلوم الإدارية,كلية الغرب للعلوم والتكنولوجيا
920,القانون,كلية الغرب للعلوم والتكنولوجيا
921,الإعلام والوسائط المتعددة,كلية الغرب للعلوم والتكنولوجيا
922,المختبرات الطبية,كلية النخبة – ود مدني
923,علوم التمريض,كلية النخبة – ود مدني
924,العلوم الإدارية,كلية النخبة – ود مدني
925,تقانة المعلومات,كلية النخبة – ود مدني
926,الطب,كلية المناقل للعلوم الطبية والهندسية
927,المختبرات الطبية,كلية المناقل للعلوم الطبية والهندسية
928,علوم التمريض,كلية المناقل للعلوم الطبية والهندسية
929,العلوم الإدارية,كلية المناقل للعلوم الطبية والهندسية
930,الطب,كلية النهرين - الخرطوم
931,المختبرات الطبية,كلية النهرين - الخرطوم
932,علوم الأشـعة,كلية النهرين - الخرطوم
933,علوم التمريض,كلية النهرين - الخرطوم
934,العلوم الإدارية,كلية النهرين - الخرطوم
935,المختبرات الطبية,كلية ابوروف للعلوم والتكنولوجيا -امدرمان
936,علوم التمريض,كلية ابوروف للعلوم والتكنولوجيا -امدرمان
937,تقانة المعلومات,كلية ابوروف للعلوم والتكنولوجيا -امدرمان
938,الإقتصاد والعلوم المالية والمصرفية - الإقتصاد,كلية ابوروف للعلوم والتكنولوجيا -امدرمان
939,الإقتصاد والعلوم المالية والمصرفية – العلوم الإدارية,كلية ابوروف للعلوم والتكنولوجيا -امدرمان
940,اللغة الإنجليزية,كلية ابوروف للعلوم والتكنولوجيا -امدرمان
941,القانون,كلية ابوروف للعلوم والتكنولوجيا -امدرمان
942,نظم المعلومات المحاسبية,كلية ام القرى للعلوم والتكنولوجيا
943,نظم المعلومات الإدارية,كلية ام القرى للعلوم والتكنولوجيا
944,نظم المعلومات المصرفية والمالية,كلية ام القرى للعلوم والتكنولوجيا
945,القانون,كلية ام القرى للعلوم والتكنولوجيا
946,التربية – الحاسوب والتربية,كلية ام القرى للعلوم والتكنولوجيا
947,التربية – الخاصة,كلية ام القرى للعلوم والتكنولوجيا
948,التربيـة التعليم المدرسي,كلية ام القرى للعلوم والتكنولوجيا
949,التجارة والعلوم الجمركية,كلية البحير – نيالا
950,علم الإجتماع,كلية البحير – نيالا
951,الطب والجراحة,كلية المصورات للعلوم الطبية والتكنولوجيا – المناقل
952,علوم المختبرات الطبية,كلية المصورات للعلوم الطبية والتكنولوجيا – المناقل
953,علوم التمريض,كلية المصورات للعلوم الطبية والتكنولوجيا – المناقل
954,تقنية المعلومات,كلية المصورات للعلوم الطبية والتكنولوجيا – المناقل
955,الطب والجراحة,كلية الشمال للعلوم الطبية والتكنولوجيا – مروي
956,التمريض,كلية الشمال للعلوم الطبية والتكنولوجيا – مروي
957,تقنية المعلومات,كلية الشمال للعلوم الطبية والتكنولوجيا – مروي
958,المحاسبة,كلية الشمال للعلوم الطبية والتكنولوجيا – مروي
959,إدارة الأعمال,كلية الشمال للعلوم الطبية والتكنولوجيا – مروي
960,الطب والجراحة,كلية السلطنة – سنار
961,المختبرات الطبية,كلية السلطنة – سنار
962,التمريض,كلية السلطنة – سنار
963,تقانة المعلومات,كلية السلطنة – سنار
964,العلوم الإدارية,كلية الإتحاد الدولية – الخرطوم بحري
965,علم النفس ( الإحتياجات الخاصة ),كلية الإتحاد الدولية – الخرطوم بحري
966,الطب والجراحة,كلية تانوب للعلوم الطبية والتكنولوجيا - دنقلا
967,المختبرات الطبية,كلية تانوب للعلوم الطبية والتكنولوجيا - دنقلا
968,علوم التمريض,كلية تانوب للعلوم الطبية والتكنولوجيا - دنقلا
969,تقانة المعلومات,كلية تانوب للعلوم الطبية والتكنولوجيا - دنقلا
970,العلـوم الإداريـة,كلية تانوب للعلوم الطبية والتكنولوجيا - دنقلا
971,الطب والجراحة,كلية نهر النيل للعلوم والتكنولوجيا - عطبرة
972,علوم التمريض,كلية نهر النيل للعلوم والتكنولوجيا - عطبرة
973,تقانة المعلومات,كلية نهر النيل للعلوم والتكنولوجيا - عطبرة
974,العلـوم الإداريـة - المحاسبة,كلية نهر النيل للعلوم والتكنولوجيا - عطبرة
975,العلـوم الإداريـة – إدارة الأعمال,كلية نهر النيل للعلوم والتكنولوجيا - عطبرة
976,العلـوم الإداريـة - التسويق,كلية نهر النيل للعلوم والتكنولوجيا - عطبرة
978,الشريعة والقانون,كلية جبرة العلمية- الخرطوم
979,علوم المختبرات الطبية,كلية الصفا - الخرطوم
980,الطب والجراحة,الكلية العالمية للعلوم والتكنولوجيا
1000,تقانة المعلومات,أكاديمية تاج الحافظين العالمية - الخرطوم
1001,نظم المعلومات,أكاديمية تاج الحافظين العالمية - الخرطوم
1002,العلوم الإدارية,أكاديمية تاج الحافظين العالمية - الخرطوم
1003,الإقتصاد والعلوم المالية والإسلامية,أكاديمية تاج الحافظين العالمية - الخرطوم
1004,التربية القسم العلمى,أكاديمية تاج الحافظين العالمية - الخرطوم
1005,التربية القسم الأدبى,أكاديمية تاج الحافظين العالمية - الخرطوم
1006,التربية مرحلة الأساس,أكاديمية تاج الحافظين العالمية - الخرطوم
1007,اصول الدين - القراءات,أكاديمية تاج الحافظين العالمية - الخرطوم
1008,اصول الدين - الدراسات الإسلامية,أكاديمية تاج الحافظين العالمية - الخرطوم
1009,الشـريعـة والـقـانـون,أكاديمية تاج الحافظين العالمية - الخرطوم
1010,الإعلام,أكاديمية تاج الحافظين العالمية - الخرطوم
1022,تقانة المعلومات,كلية الصفا - الخرطوم
1023,العلوم الادارية - المحاسبة,كلية الصفا - الخرطوم
1024,تقانة المعلومات,كلية القضارف للعلوم والتكنولوجيا - القضارف
1025,العلوم الادارية - ادارة الاعمال,كلية الصفا - الخرطوم
1026,الاعلام,كلية المجد للعلوم الطبية والتكنولوجيا - الحصاحيصا
1027,كلية طب الاسنان,جامعة الشيخ عبدالله البدرى
1028,المختبرات الطبية,كلية شيكان - الأبيض
1029,العلاج الطبيعي,كلية الرياض العالمية - الخرطوم
1030,الطب والجراحة,كلية النخبة – ود مدني
1031,العلوم الادارية - المحاسبة,كلية السلطنة – سنار
1032,طب الاسنان,كلية الشمال للعلوم الطبية والتكنولوجيا – مروي
1033,العلوم الادارية - ادارة الاعمال,كلية السلطنة – سنار
1034,العلوم الادارية - التسويق,كلية السلطنة – سنار
1035,علوم التمريض,كلية البحرين - الدمازين
1036,العلوم الادارية - المحاسبة,كلية شيكان - الأبيض
1037,العلوم الادارية - ادارة الاعمال,كلية شيكان - الأبيض
1038,العلوم الادارية - التسوق,كلية شيكان - الأبيض
1039,علوم التمريض,كلية السافنا - نيالا
1040,الصيدلة,كلية دلتا العلوم والتكنولوجيا - امدرمان
1041,علوم التمريض,"كلية كوستي للعلوم والتكنولوجيا - كوستي
"
1042,العلوم الادارية,"كلية كوستي للعلوم والتكنولوجيا - كوستي
"
1043,علوم التمريض,كلية الدمازين للعلوم الطبية والتكنولوجيا - الدمازين
1044,علوم التمريض,كلية النور للعلوم والتكنولوجيا
1045,"كلية الهندسة والعماره – الهندسة الطبية الحيوية
",الجامعة الوطنية
1046,الطب والجراحة,كلية المدار
1047,الذكاء الإصطناعي,كلية القلم للعلوم والتكنولوجيا – أم درمان
1048,طب وجراحة الأسنان,كلية الجزيرة للعلوم الطبية والتكنولوجيا - مدنى
