م.,الكلية,الجامعة
1,كليـة الآداب,جامعة الخرطــوم
2,كليـة علوم الجغرافيا والبيئة,جامعة الخرطــوم
3,كليـة الدراسـات الإقتصادية والاجتماعيـة,جامعة الخرطــوم
4,كليـة القـانـون,جامعة الخرطــوم
5,مدرسة العلـوم الإداريـة,جامعة الخرطــوم
6,كليـة الطــب,جامعة الخرطــوم
7,كليـة طـب الأسـنان,جامعة الخرطــوم
8,كليـة الصـيـدلـة,جامعة الخرطــوم
9,كليـة علـوم المختبـرات الطبيـة,جامعة الخرطــوم
10,كليـة علوم الـتـمـريـض,جامعة الخرطــوم
11,كليـة الصحـة العـامـة وصحـة الـبـيـئــة,جامعة الخرطــوم
12,كليـة الطب البيطري,جامعة الخرطــوم
13,كليـة الإنتـاج الحيواني,جامعة الخرطــوم
14,كليـة الـزراعـة,جامعة الخرطــوم
15,كليـة الغـابــات,جامعة الخرطــوم
16,كليـة العمـارة,جامعة الخرطــوم
17,كليـة الهندسـة قسـم المـدنية,جامعة الخرطــوم
18,كليـة الهندسـة قسـم الميكـانيكية,جامعة الخرطــوم
19,كليـة الهندسـة قسـم الكهربـائية,جامعة الخرطــوم
20,كليـة الهندسـة قسـم الكيميـائية,جامعة الخرطــوم
21,كليـة الهندسـة قسـم المسـاحة,جامعة الخرطــوم
22,كليـة الهندسـة قسـم الزراعيـة والبيولوجية,جامعة الخرطــوم
23,كليـة الهندسـة قسـم النفـط والغاز الطبيعي,جامعة الخرطــوم
24,كليـة الهندسـة قسـم التعـديـن,جامعة الخرطــوم
25,كليـة العلـوم قسـم الأحياء,جامعة الخرطــوم
26,كليـة العلـوم قسـم الفيزياء,جامعة الخرطــوم
27,كليـة العلـوم الريـاضية قسم الحـاسوب,جامعة الخرطــوم
28,كليـة العلوم الرياضية قسم تقانة المعلومـات,جامعة الخرطــوم
29,كليـة العلـوم الريـاضية قسم الريـاضيات,جامعة الخرطــوم
30,كليـة العلـوم الريـاضية قسم الإحصاء,جامعة الخرطــوم
31,كليـة العلـوم الريـاضية قسم ( الريـاضيات + علوم الحـاسوب),جامعة الخرطــوم
32,كليـة العلـوم الريـاضية قسم (الإحصاء +علوم الحـاسوب ),جامعة الخرطــوم
33,كليـة التربية قسـم الأحيـاء,جامعة الخرطــوم
34,كليـة التربيـة قسـم الكيميـاء,جامعة الخرطــوم
35,كليـة التربيـة قسـم الريـاضيـات,جامعة الخرطــوم
36,كليـة التربيـة قسـم الفيزيـاء,جامعة الخرطــوم
37,كليـة التربيـة قسم العلوم الاسرية – التغذية الصحية والعلاجية,جامعة الخرطــوم
38,كليـة التربيـة قسـم اللغة العربيـة,جامعة الخرطــوم
39,كليـة التربيـة قسـم اللغة الانجليزيـة,جامعة الخرطــوم
40,كليـة التربيـة قسـم اللغة الفرنسيـة,جامعة الخرطــوم
41,كليـة التربيـة قسـم الجغرافيــــا,جامعة الخرطــوم
42,كليـة التربيـة قسـم التــاريـــخ,جامعة الخرطــوم
43,كليـة التربيـة قسـم علم نفس تربـوى,جامعة الخرطــوم
44,كليـة التربيـة قسم التعليم قبل المدرسة,جامعة الخرطــوم
45,كليـة التربيـة قسم التربية الخاصة,جامعة الخرطــوم
46,كليـة التربيـة التعليم الأسـاسي ( إبتدائي – متوسط ),جامعة الخرطــوم
47,كليـة التربيـة قسم التربية البدنية الرياضية (البدنية),جامعة الخرطــوم
48,كليـة أصـول الـديـن,جامعة  امدرمان الإسلامية
49,كليـة الدعــوة,جامعة  امدرمان الإسلامية
50,كليـة الشـريعـة والـقـانـون,جامعة  امدرمان الإسلامية
51,كليـة الإعـــــــــــلام,جامعة  امدرمان الإسلامية
52,كليـة الآداب,جامعة  امدرمان الإسلامية
53,كليـة الآداب قسـم اللغـة الإنجلـيزية,جامعة  امدرمان الإسلامية
54,كليـة الآداب قسـم اللغـة الفرنسية,جامعة  امدرمان الإسلامية
55,كليـة الآداب قسم علم النفـس,جامعة  امدرمان الإسلامية
56,كليـة الآداب قسم الخدمة الإجتماعيـة,جامعة  امدرمان الإسلامية
57,كليـة الآداب قسم علم الاجتمـاع,جامعة  امدرمان الإسلامية
58,كليـة الإقتصاد والعلــوم السـياسـية - الإقتصاد,جامعة  امدرمان الإسلامية
59,كليـة الإقتصاد والعلــوم السـياسـية - الإقتصاد - المعيلق,جامعة  امدرمان الإسلامية
60,كليـة الإقتصاد والعلــوم السـياسـية - الإحصاء,جامعة  امدرمان الإسلامية
61,كليـة الإقتصاد والعلــوم السـياسـية - العلوم السياسيـة,جامعة  امدرمان الإسلامية
62,كليـة العلـوم الإداريـة - المحـاسبة,جامعة  امدرمان الإسلامية
63,كليـة العلـوم الإداريـة - المحـاسبة – المعيلق,جامعة  امدرمان الإسلامية
64,كليـة العلـوم الإداريـة - إدارة الأعمـال,جامعة  امدرمان الإسلامية
65,كليـة العلـوم الإداريـة - التسويق,جامعة  امدرمان الإسلامية
66,كليـة اللغـة العـربيـة,جامعة  امدرمان الإسلامية
67,كليـة التربيـة - الأحيـاء + الكـيـمـيـاء,جامعة  امدرمان الإسلامية
68,كليـة التربيـة - الكـيـمـيـاء + الأحيـاء,جامعة  امدرمان الإسلامية
69,كليـة التربيـة - الريـاضيـات + الفيزيـاء,جامعة  امدرمان الإسلامية
70,كليـة التربيـة - الفيزيـاء + الريـاضيـات,جامعة  امدرمان الإسلامية
71,كليـة التربيـة - العلـوم الأســريـة – طالبات فقط,جامعة  امدرمان الإسلامية
72,كليـة التربيـة - اللغـة العـربيــــة,جامعة  امدرمان الإسلامية
73,كليـة التربيـة - اللغة الإنجليزيـة,جامعة  امدرمان الإسلامية
74,كليـة التربيـة - الجغرافيـا + التاريـخ,جامعة  امدرمان الإسلامية
75,كليـة التربيـة - التاريـخ + الجغرافيـا,جامعة  امدرمان الإسلامية
76,كليـة التربيـة - الدراسـات الإسـلامية,جامعة  امدرمان الإسلامية
77,كليـة التربيـة - رياض الأطفال والتربية الخاصة - طالبات فقط,جامعة  امدرمان الإسلامية
78,كليـة الـطـب والعلـوم الصحيـة,جامعة  امدرمان الإسلامية
79,كليـة طـب الأسنان,جامعة  امدرمان الإسلامية
80,كليـة الـصـيـدلــة,جامعة  امدرمان الإسلامية
81,كليـة المختبـرات الطبيـة,جامعة  امدرمان الإسلامية
82,كليـة التمريـض – طالبات فقط,جامعة  امدرمان الإسلامية
83,كليـة التمريـض – طالبات فقط – المعيلق,جامعة  امدرمان الإسلامية
84,كليـة علـوم الحاسوب وتقانة المعلومات - علوم الحـاسوب,جامعة  امدرمان الإسلامية
85,كليـة علـوم الحاسوب وتقانة المعلومات - نظم المعـلومات,جامعة  امدرمان الإسلامية
86,كليـة علـوم الحاسوب وتقانة المعلومات - تقانة المعـلومات,جامعة  امدرمان الإسلامية
87,كليـة العلـوم والتقانة - الرياضيـات,جامعة  امدرمان الإسلامية
88,كليـة العلـوم والتقانة - الفيزيـاء,جامعة  امدرمان الإسلامية
89,كليـة العلـوم والتقانة - الجيولوجيـا,جامعة  امدرمان الإسلامية
90,كليـة العلـوم والتقانة - الكيميـاء,جامعة  امدرمان الإسلامية
91,كليـة العلـوم والتقانة – الأحياء ( نبات – حيوان ),جامعة  امدرمان الإسلامية
92,كليـة العلـوم والتقانة - التقانة الإحيائيـة,جامعة  امدرمان الإسلامية
93,كليـة العلـوم والتقانة - التغذيـة وتقنية الأغذيـة,جامعة  امدرمان الإسلامية
94,كليـة العلـوم  والتقانة - الفلك والإرصاد الجوية,جامعة  امدرمان الإسلامية
95,كليـة الزراعة – المحاصيل الحقلية,جامعة  امدرمان الإسلامية
96,كليـة الزراعة – وقاية النباتات,جامعة  امدرمان الإسلامية
97,كليـة الزراعة – البساتين,جامعة  امدرمان الإسلامية
98,كليـة الزراعة – الإقتصاد الزراعي والتنمية الريفية,جامعة  امدرمان الإسلامية
99,كليـة الزراعة – الانتاج الحيوانى,جامعة  امدرمان الإسلامية
100,كليـة الزراعة – علوم وتقانة الاغذية,جامعة  امدرمان الإسلامية
101,كليـة الزراعة – الهندسة الزراعية,جامعة  امدرمان الإسلامية
102,"كليـة العلوم الهندسية قسـم الهندسة الميكانيكية - طلاب فقط 	
",جامعة  امدرمان الإسلامية
103,"كليـة العلوم الهندسية قسـم الهندسة الكهربائية والإلكترونية	

",جامعة  امدرمان الإسلامية
104,"كليـة العلوم الهندسية قسـم هندسة المسـاحة - طلاب فقط	
",جامعة  امدرمان الإسلامية
105,"كليـة العلوم الهندسية قسـم هندسة التعـديـن - طلاب فقط 	
",جامعة  امدرمان الإسلامية
106,كليـة العلوم الهندسية قسـم الهندسة المدنيـة,جامعة  امدرمان الإسلامية
107,كليـة العـــمارة والتخطيـط,جامعة  امدرمان الإسلامية
108,كلية الطب - الطب والجراحة,جامعة السودان للعلوم والتكنولوجيا
109,كلية طب الأسنان,جامعة السودان للعلوم والتكنولوجيا
110,كلية الصيدلة,جامعة السودان للعلوم والتكنولوجيا
111,كليـة علوم المختبرات الطبية - علوم المختبـرات الطبيــة,جامعة السودان للعلوم والتكنولوجيا
112,كليـة علوم الأشـعة الطبيـة - تكنولوجيا الأشعة التشخيصية,جامعة السودان للعلوم والتكنولوجيا
113,كليـة علوم الأشـعة الطبيـة - تكنولوجيا العلاج بالأشعة,جامعة السودان للعلوم والتكنولوجيا
114,كليـة الهندسـة - الهندسة الميكانيـكية,جامعة السودان للعلوم والتكنولوجيا
115,كليـة الهندسـة - الهندسة الكهربائيـة,جامعة السودان للعلوم والتكنولوجيا
116,كليـة الهندسـة - الهندسة المدنيـة,جامعة السودان للعلوم والتكنولوجيا
117,كليـة الهندسـة - هندسـة الإلكترونيات,جامعة السودان للعلوم والتكنولوجيا
118,كليـة الهندسـة - هندسـة الطيران,جامعة السودان للعلوم والتكنولوجيا
119,كليـة الهندسـة - الهندسة الطبية الحيوية,جامعة السودان للعلوم والتكنولوجيا
120,كليـة الهندسـة - هندسـة المساحة,جامعة السودان للعلوم والتكنولوجيا
121,كليـة الهندسـة - البكالوريوس التكنولوجى هندسة مدنية,جامعة السودان للعلوم والتكنولوجيا
122,كليـة الهندسـة - البكالوريوس التكنولوجى هندسة كهربائية,جامعة السودان للعلوم والتكنولوجيا
123,كليـة الهندسـة - البكالوريوس التكنولوجى هندسة ميكانيكية,جامعة السودان للعلوم والتكنولوجيا
124,كليـة الهندسـة - البكالوريوس التكنولوجى هندسة الكترونية,جامعة السودان للعلوم والتكنولوجيا
125,كليـة الهندسـة - البكالوريوس التكنولوجى هندسـة المساحة,جامعة السودان للعلوم والتكنولوجيا
126,كليـة هندسـة النفط والتعدين - هندسة النفط,جامعة السودان للعلوم والتكنولوجيا
127,كليـة هندسـة النفط والتعدين - هندسة إستكشاف النفط  )طلاب فقط ),جامعة السودان للعلوم والتكنولوجيا
128,كليـة هندسـة النفط والتعدين - هندسة نقل وتكرير النفط,جامعة السودان للعلوم والتكنولوجيا
129,كليـة هندسـة النفط والتعدين - هندسة التعدين ( طلاب فقط ),جامعة السودان للعلوم والتكنولوجيا
130,كليـة العمارة والتخطيط,جامعة السودان للعلوم والتكنولوجيا
131,كليـة هندسـة وتكنولوجيا الصناعات - الهندسة الكيميائية,جامعة السودان للعلوم والتكنولوجيا
132,كليـة هندسـة وتكنولوجيا الصناعات - هندسة النسيج,جامعة السودان للعلوم والتكنولوجيا
133,كليـة هندسـة وتكنولوجيا الصناعات - هندسة البولمير (تصنيع بلاستيك ),جامعة السودان للعلوم والتكنولوجيا
134,كليـة هندسـة وتكنولوجيا الصناعات - البولمير (مواد مركبة ),جامعة السودان للعلوم والتكنولوجيا
135,كليـة هندسـة وتكنولوجيا الصناعات - هندسة الصناعات الجلدية,جامعة السودان للعلوم والتكنولوجيا
136,كليـة هندسـة وتكنولوجيا الصناعات - البكالوريوس التكنولوجى فى هندسة تصنيع الأغذية,جامعة السودان للعلوم والتكنولوجيا
137,كليـة هندسة المياه والبيئة - هندسة موارد المياه,جامعة السودان للعلوم والتكنولوجيا
138,كليـة هندسة المياه والبيئة - الهندسة البيئية,جامعة السودان للعلوم والتكنولوجيا
139,كليـة علوم الحاسوب وتقانة المعلومات - علوم الحاسوب,جامعة السودان للعلوم والتكنولوجيا
140,كليـة علوم الحاسوب وتقانة المعلومات - الحاسوب ونظم المعلومات,جامعة السودان للعلوم والتكنولوجيا
141,كليـة علوم الحاسوب وتقانة المعلومات - نظم الحاسوب والشبكات,جامعة السودان للعلوم والتكنولوجيا
142,كليـة علوم الحاسوب وتقانة المعلومات - هندسة البرمجيات,جامعة السودان للعلوم والتكنولوجيا
143,كليـة علوم الحاسوب وتقانة المعلومات - تقانة المعلومات,جامعة السودان للعلوم والتكنولوجيا
144,كليـة العلــوم - الرياضيـــات,جامعة السودان للعلوم والتكنولوجيا
145,كليـة العلــوم - الفيزيـــــاء,جامعة السودان للعلوم والتكنولوجيا
146,كليـة العلــوم - الكيميـــــاء,جامعة السودان للعلوم والتكنولوجيا
147,كليـة العلــوم - الإحصاء,جامعة السودان للعلوم والتكنولوجيا
148,كليـة العلــوم – الجيولوجيا,جامعة السودان للعلوم والتكنولوجيا
149,كليـة العلــوم – النبات,جامعة السودان للعلوم والتكنولوجيا
150,كليـة العلــوم – علم الحيوان,جامعة السودان للعلوم والتكنولوجيا
151,كليـة العلــوم – الكيمياء الحيوية,جامعة السودان للعلوم والتكنولوجيا
152,كليـة العلــوم - المختبرات العلمية - كيميــــاء,جامعة السودان للعلوم والتكنولوجيا
153,كليـة العلــوم - المختبرات العلمية - فيزيــــاء,جامعة السودان للعلوم والتكنولوجيا
154,كليـة العلــوم – البكالوريوس التكنولوجى فى الفيزيـــــاء,جامعة السودان للعلوم والتكنولوجيا
155,كليـة العلــوم – البكالوريوس التكنولوجى فى الكيمياء,جامعة السودان للعلوم والتكنولوجيا
156,كليـة الدراسات التجارية - المحاسبة والتمويل,جامعة السودان للعلوم والتكنولوجيا
157,كليـة الدراسات التجارية - التكاليف والمحاسبة الادارية,جامعة السودان للعلوم والتكنولوجيا
158,كليـة الدراسات التجارية - البنوك والتمويل,جامعة السودان للعلوم والتكنولوجيا
159,كليـة الدراسات التجارية - إدارة الأعمال,جامعة السودان للعلوم والتكنولوجيا
160,كليـة الدراسات التجارية - الإقتصاد التطبيقي,جامعة السودان للعلوم والتكنولوجيا
161,كليـة الدراسات التجارية - نظم المعلومات الإدارية,جامعة السودان للعلوم والتكنولوجيا
162,كليـة الدراسات التجارية – التسويق,جامعة السودان للعلوم والتكنولوجيا
163,كليـة الدراسات التجارية - الســـــكرتارية,جامعة السودان للعلوم والتكنولوجيا
164,كليـة التربيـة ريـاضيـات,جامعة السودان للعلوم والتكنولوجيا
165,كليـة التربيـة كيميـــاء,جامعة السودان للعلوم والتكنولوجيا
166,كليـة التربيـة فيزيــاء,جامعة السودان للعلوم والتكنولوجيا
167,كليـة التربيـة لغـة إنجليزيـة,جامعة السودان للعلوم والتكنولوجيا
168,كليـة التربيـة لغة فرنسيـة,جامعة السودان للعلوم والتكنولوجيا
169,كليـة التربيـة علـم النفـس,جامعة السودان للعلوم والتكنولوجيا
170,كليـة التربيـة لغـة عربيـة,جامعة السودان للعلوم والتكنولوجيا
171,كليـة التربيـة التقنيـة - كهربـاء,جامعة السودان للعلوم والتكنولوجيا
172,كليـة التربيـة التقنيـة - ميكانيكـا,جامعة السودان للعلوم والتكنولوجيا
173,كليـة التربيـة التقنيـة - مدنيـة,جامعة السودان للعلوم والتكنولوجيا
174,كليـة التربيـة الفنيـة,جامعة السودان للعلوم والتكنولوجيا
175,كليـة التربيـة التعليم الأسـاسي ( إبتدائي – متوسط ),جامعة السودان للعلوم والتكنولوجيا
176,كليـة التربيـة التعليم قبل المدرسة - طالبات فقط,جامعة السودان للعلوم والتكنولوجيا
177,كليـة الفنـون الجميـلة والتطبيقيـة,جامعة السودان للعلوم والتكنولوجيا
178,كليـة الدراسـات الزراعيـة - تكنولوجيـا الأغذيـة,جامعة السودان للعلوم والتكنولوجيا
179,كليـة الدراسـات الزراعيـة - وقايـة النبــات,جامعة السودان للعلوم والتكنولوجيا
180,كليـة الدراسـات الزراعيـة - إرشاد زراعي وتنمية ريفية,جامعة السودان للعلوم والتكنولوجيا
181,كليـة الدراسـات الزراعيـة - الهندسـة الزراعيــــة,جامعة السودان للعلوم والتكنولوجيا
182,كليـة الدراسـات الزراعيـة - البســـــــــاتين,جامعة السودان للعلوم والتكنولوجيا
183,كليـة الدراسـات الزراعيـة - إنتـاج حيوانـي,جامعة السودان للعلوم والتكنولوجيا
184,كليـة الدراسـات الزراعيـة - علـوم التربـة والميـاه,جامعة السودان للعلوم والتكنولوجيا
185,كليـة الدراسـات الزراعيـة - إنتـاج محاصيـل حقـلية,جامعة السودان للعلوم والتكنولوجيا
186,كليـة الدراسـات الزراعيـة - الإقتصاد الزراعـي,جامعة السودان للعلوم والتكنولوجيا
187,كليـة الدراسـات الزراعيـة - علوم الأسرة والمجتمع,جامعة السودان للعلوم والتكنولوجيا
188,كليـة الطـب البيطـري,جامعة السودان للعلوم والتكنولوجيا
189,كليـة علوم وتكنولوجيا الإنتاج الحيواني – الإنتـاج الحيوانـي,جامعة السودان للعلوم والتكنولوجيا
190,كليـة علوم وتكنولوجيا الإنتاج الحيواني  –علوم الأسـماك والحيـاة البرية,جامعة السودان للعلوم والتكنولوجيا
191,كليـة علوم الغابــات والمراعـــى - علـوم الغابـــــات,جامعة السودان للعلوم والتكنولوجيا
192,كليـة علوم الغابــات والمراعـــى - علوم المراعـى,جامعة السودان للعلوم والتكنولوجيا
193,كليـة الموسـيقا والدرامـا – الموسيقى فى الآلات الموسيقية,جامعة السودان للعلوم والتكنولوجيا
194,كليـة الموسـيقا والدرامـا – الموسيقى فى الصوت والغناء,جامعة السودان للعلوم والتكنولوجيا
195,كليـة الموسـيقا والدرامـا – الموسيقى فى التأليف الموسيقى,جامعة السودان للعلوم والتكنولوجيا
196,كليـة الموسـيقا والدرامـا - الدرامــا,جامعة السودان للعلوم والتكنولوجيا
197,كليـة التربيـة البدنية والرياضة,جامعة السودان للعلوم والتكنولوجيا
198,كليـة اللغات - لغـة عربيـة,جامعة السودان للعلوم والتكنولوجيا
199,كليـة اللغات - لغـة فرنسيـة,جامعة السودان للعلوم والتكنولوجيا
200,كليـة اللغات - لغـة إنجليزيـة,جامعة السودان للعلوم والتكنولوجيا
201,كليـة علـوم الاتصـال,جامعة السودان للعلوم والتكنولوجيا
202,كليـة الطـب,جامعة الجزيرة
203,كليـة طـب الأسنـان,جامعة الجزيرة
204,كليـة الصـيـدلـة,جامعة الجزيرة
205,كليـة علوم المختبـرات الطبيـة,جامعة الجزيرة
206,كليـة العلـوم الطبيـة التطبيقيـة – التمريـض,جامعة الجزيرة
207,كليـة العلوم الصحـية والبيئيـة – الحـوش,جامعة الجزيرة
208,كليـة العلـوم الطبيـة التطبيقيـة – علم النفـس الصحـي,جامعة الجزيرة
209,كليـة العلـوم الطبيـة التطبيقيـة – التخـديـر,جامعة الجزيرة
210,كليـة العلـوم الـزراعيـة – الإرشاد الزراعي والتدريب,جامعة الجزيرة
211,كليـة العلـوم الـزراعيـة – الإقتصاد الزراعي,جامعة الجزيرة
212,كليـة العلـوم الـزراعيـة – علوم البساتين,جامعة الجزيرة
213,كليـة العلـوم الـزراعيـة – علوم التربة والمياه,جامعة الجزيرة
214,كليـة العلـوم الـزراعيـة – علوم المحاصيل,جامعة الجزيرة
215,كليـة العلـوم الـزراعيـة – علوم البيئة والموارد الطبيعية,جامعة الجزيرة
216,كليـة العلـوم الـزراعيـة – الهندسة الزراعية,جامعة الجزيرة
217,كليـة العلـوم الـزراعيـة – وقاية المحاصيل / المبيدات والسميات,جامعة الجزيرة
218,كليـة العلـوم الـزراعيـة – علوم وتكنلوجيا الأغذية,جامعة الجزيرة
219,كليـة الإنتـاج الحيواني – الإنتاج الحيوانى - المنـاقل,جامعة الجزيرة
220,كليـة الإنتـاج الحيواني - علوم الحياة البرية - المنـاقل,جامعة الجزيرة
221,كليـة الإنتـاج الحيواني - وراثة وتربية الحيوان - المنـاقل,جامعة الجزيرة
222,كليـة الإنتـاج الحيواني - تغذية الحيوان - المنـاقل,جامعة الجزيرة
223,كليـة الإنتـاج الحيواني - أنتاج وتقانة الأسماك - المنـاقل,جامعة الجزيرة
224,كليـة الهندسـة والتكنولوجيـا - الهندسة المدنية,جامعة الجزيرة
225,كليـة الهندسـة والتكنولوجيـا - هندسـة التحكم,جامعة الجزيرة
226,كليـة الهندسـة والتكنولوجيـا - الهندسـة الكيميـائية,جامعة الجزيرة
227,كليـة الهندسـة والتكنولوجيـا - هندسـة الإتصالات,جامعة الجزيرة
228,كليـة الهندسـة والتكنولوجيـا - الهندسـة الطبية,جامعة الجزيرة
229,كليـة الهندسـة والتكنولوجيـا - هندسـة الحاسـوب,جامعة الجزيرة
230,كليـة الهندسـة والتكنولوجيـا – هندسـة الأغذيــة,جامعة الجزيرة
231,كلية هندسة وتكنولوجيا الصناعات - هندسة النســــيج,جامعة الجزيرة
232,كلية هندسة وتكنولوجيا الصناعات - الهندسة الصناعية,جامعة الجزيرة
233,كلية هندسة وتكنولوجيا الصناعات - هندسة وتكنولوجيا المواد,جامعة الجزيرة
234,كليـة العلـوم الريـاضية والحاسوب - علوم الحاسوب,جامعة الجزيرة
235,كليـة العلـوم الريـاضية والحاسوب - الرياضيات وعلوم الحاسوب,جامعة الجزيرة
236,كليـة العلـوم الريـاضية والحاسوب - الإحصاء وعلوم الحاسوب,جامعة الجزيرة
237,كليـة الإقتصاد والتنميـة الريفيـة – الإقتصاد,جامعة الجزيرة
238,كليـة الإقتصاد والتنميـة الريفيـة - الإحصاءالتطبيقى والديموغرافيا,جامعة الجزيرة
239,كليـة الإقتصاد والتنميـة الريفيـة - العلوم السياسية والعلاقات الدولية,جامعة الجزيرة
240,كليـة الإقتصاد والتنميـة الريفيـة – التنمية الريفية,جامعة الجزيرة
241,كليـة الإقتصاد والتنميـة الريفيـة – المحاسبة والتمويل,جامعة الجزيرة
242,كليـة الإقتصاد والتنميـة الريفيـة – إدارة الأعمال,جامعة الجزيرة
243,كليـة الدراسات التنموية – الحديبة,جامعة الجزيرة
244,كليـة الدراسات التجارية – الهلالية,جامعة الجزيرة
245,كليـة التربيـة قسـم الكيمياء والأحياء - حنتوب,جامعة الجزيرة
246,كليـة التربيـة قسـم الريـاضيـات والفيزيـاء - حنتوب,جامعة الجزيرة
247,كليـة التربيـة قسـم اللغة العربية ود.الإسلامية – حنتوب,جامعة الجزيرة
248,كليـة التربيـة قسـم اللغة الإنجليزية - حنتوب,جامعة الجزيرة
249,كليـة التربيـة قسـم اللغة الفرنسية - حنتوب,جامعة الجزيرة
250,كليـة التربيـة قسـم الجغرافيـا والتـاريخ - حنتوب,جامعة الجزيرة
251,كليـة التربيـة قسم علم النفس التطبيقى – حنتوب,جامعة الجزيرة
252,كليـة التربيـة قسم المكتبات والمعلومات – حنتوب,جامعة الجزيرة
253,كليـة الاداب والعلوم الانسانية - اللغة العربية وادابها - الكاملين,جامعة الجزيرة
254,كلية الاداب والعلوم الانسانية - اللغه الانجليزية وادابها - الكاملين,جامعة الجزيرة
255,كلية الاداب والعلوم الانسانية - التاريخ - الكاملين,جامعة الجزيرة
256,كليـة الاداب والعلوم الانسانية - الجغرافيا ونظم المعلومات الجغرافية – الكاملين,جامعة الجزيرة
257,كليـة الاداب والعلوم الانسانية - قسم الاثار – الكاملين,جامعة الجزيرة
258,كليـة الاداب والعلوم الانسانية - قسم علم النفس – الكاملين,جامعة الجزيرة
259,كليـة الاداب والعلوم الانسانية – قسم اللغـة الفرنسيـة - الكاملين,جامعة الجزيرة
260,كليـة التربيـة قسـم الكيميـاء والأحيـاء - الحصاحيصا,جامعة الجزيرة
261,كليـة التربيـة قسـم الرياضيات والفيزياء – الحصاحيصا,جامعة الجزيرة
262,كليـة التربيـة قسـم اللغـة العربيـة ود.الإسـلامية – الحصاحيصا,جامعة الجزيرة
263,كليـة التربيـة قسـم اللغـة الإنجليـزية - الحصاحيصا,جامعة الجزيرة
264,كليـة التربيـة قسـم الجغرافيـا والتـاريخ - الحصاحيصا,جامعة الجزيرة
265,كليـة التربيـة قسـم المعلومـات والمكتبـات - الحصاحيصا,جامعة الجزيرة
266,كليـة الإعـلام – فداسي الحليماب,جامعة الجزيرة
267,كليـة القانون – ابوحراز,جامعة الجزيرة
268,كليـة العلوم – الرياضيات – ابوحراز,جامعة الجزيرة
269,كليـة العلوم – الكيمياء – ابوحراز,جامعة الجزيرة
270,كليـة العلوم – علم النبات والأحياء الدقيقة – ابوحراز,جامعة الجزيرة
271,كليـة العلوم – الكيمياء الأحيائية الجزيئية – ابوحراز,جامعة الجزيرة
272,كليـة العلوم – علم الحيوان – ابوحراز,جامعة الجزيرة
273,كليـة العلوم – علوم الأرض – ابوحراز,جامعة الجزيرة
274,كليـة العلوم – الفيزياء وعلوم الفلك – ابوحراز,جامعة الجزيرة
275,كليـة علوم وتكنولوجيا الغابات – ابوحراز,جامعة الجزيرة
276,كليـة الطب – رفاعة,جامعة البطانة
277,كلية علوم المختبرات الطبية,جامعة البطانة
278,كلية العلوم الطبية التطبيقية - علوم التمريض,جامعة البطانة
279,كليـة الطب البيطري – تمبول,جامعة البطانة
280,كلية علوم الحاسوب وتقانة المعلومات – علوم الحاسوب,جامعة البطانة
281,كلية علوم الحاسوب وتقانة المعلومات – تقانة المعلومات,جامعة البطانة
282,كلية علوم الحاسوب وتقانة المعلومات – نظم المعلومات,جامعة البطانة
283,كليـة التربيـة قسـم الكيمياء والأحياء – رفاعة,جامعة البطانة
284,كليـة التربيـة قسـم الرياضيات والحاسوب – رفاعة,جامعة البطانة
285,كليـة التربيـة قسـم الفيزياء والرياضيات – رفاعة,جامعة البطانة
286,كليـة التربيـة قسـم اللغة العربية والدراسات الإسلامية – رفاعة,جامعة البطانة
287,كليـة التربيـة قسـم  اللغة الإنجليزية – رفاعة,جامعة البطانة
288,كليـة التربيـة قسـم الجغرافيـا والتـاريخ - رفاعة,جامعة البطانة
289,كليـة التربيـة قسـم التربية الخاصة - رفاعة,جامعة البطانة
290,كليـة التربيـة قسـم التعليم قبل المدرسة - رفاعة,جامعة البطانة
291,كليـة التربيـة قسـم علم النفس التربوى – رفاعة,جامعة البطانة
292,كليـة علوم الإدارة والإقتصاد – الإقتصاد – رفاعة,جامعة البطانة
293,كليـة علوم الإدارة والإقتصاد – المحاسبة – رفاعة,جامعة البطانة
294,كليـة علوم الإدارة والإقتصاد – إدارة الاعمال – رفاعة,جامعة البطانة
295,كليـة علوم الإدارة والإقتصاد – نظم المعلومات الادارية – رفاعة,جامعة البطانة
296,كلية الشريعة والقانون,جامعة البطانة
297,كليـة القـرآن الكريـم – القراءات وعلوم القرآن– أم درمان,جامعة القرآن الكريم والعلوم الاسلامية
298,كليـة القـرآن الكريـم – القراءات وعلوم القرآن– الأبيض (طلاب فقط),جامعة القرآن الكريم والعلوم الاسلامية
299,كليـة القـرآن الكريـم – الدراسات الاسلامية – أم درمان,جامعة القرآن الكريم والعلوم الاسلامية
300,كليـة القـرآن الكريـم – الدراسات الاسلامية – الأبيض,جامعة القرآن الكريم والعلوم الاسلامية
301,كليـة القـرآن الكريـم – الحديث وعلومه – أم درمان,جامعة القرآن الكريم والعلوم الاسلامية
302,كليـة الشـريعة - الشـريعة والقانون - أم درمان,جامعة القرآن الكريم والعلوم الاسلامية
303,كليـة الشـريعة - الفقه وأصوله - أم درمان,جامعة القرآن الكريم والعلوم الاسلامية
304,كليـة الشـريعة - الشـريعة والقانون - الأبيـض,جامعة القرآن الكريم والعلوم الاسلامية
305,كليـة الشـريعة - الفقه وأصوله - الأبيـض,جامعة القرآن الكريم والعلوم الاسلامية
306,كليـة الشـريعة - الشـريعة والقانون – بورتسودان,جامعة القرآن الكريم والعلوم الاسلامية
307,كليـة الشـريعة - الفقه وأصوله – بورتسودان,جامعة القرآن الكريم والعلوم الاسلامية
308,كليـة العلوم الإدارية - المحاسبة -  أم درمان,جامعة القرآن الكريم والعلوم الاسلامية
309,كليـة العلوم الإدارية – ادارة الاعمال -  أم درمان,جامعة القرآن الكريم والعلوم الاسلامية
310,كليـة العلوم الإدارية – الادارة العامة -  أم درمان,جامعة القرآن الكريم والعلوم الاسلامية
311,كليـة الإقتصاد والعلوم الإجتماعية – التاريخ والحضارة - أم درمان,جامعة القرآن الكريم والعلوم الاسلامية
312,كليـة الإقتصاد والعلوم الإجتماعية – الإقتصاد - أم درمان,جامعة القرآن الكريم والعلوم الاسلامية
313,كليـة الإقتصاد والعلوم الإجتماعية - علم الاجتماع - أم درمان,جامعة القرآن الكريم والعلوم الاسلامية
314,كليـة الإقتصاد والعلوم الإجتماعية – الإحصاء التطبيقي - أم درمان,جامعة القرآن الكريم والعلوم الاسلامية
315,كليـة الإقتصاد والعلوم الإجتماعية– العلوم السياسية والعلاقات الدولية - أم درمان,جامعة القرآن الكريم والعلوم الاسلامية
316,كليـة اللغـة العربيـة - أم درمان,جامعة القرآن الكريم والعلوم الاسلامية
317,كليـة اللغـة العربيـة - الأبيــض,جامعة القرآن الكريم والعلوم الاسلامية
318,كليـة الدعـوة والإعـلام – الصحافة والنشر – أم درمان,جامعة القرآن الكريم والعلوم الاسلامية
319,كليـة الدعـوة والإعـلام – الدعوة ونظم الاتصال – أم درمان,جامعة القرآن الكريم والعلوم الاسلامية
320,كليـة الدعـوة والإعـلام – العلاقات العامة والاعلان – أم درمان,جامعة القرآن الكريم والعلوم الاسلامية
321,كليـة الدعـوة والإعـلام – الاذاعة والتلفاز – أم درمان,جامعة القرآن الكريم والعلوم الاسلامية
322,كليـة التربيـة – أحياء - أم درمان,جامعة القرآن الكريم والعلوم الاسلامية
323,كليـة التربيـة – كيمياء - أم درمان,جامعة القرآن الكريم والعلوم الاسلامية
324,كليـة التربيـة – رياضيات - أم درمان,جامعة القرآن الكريم والعلوم الاسلامية
325,كليـة التربيـة – فيزياء - أم درمان,جامعة القرآن الكريم والعلوم الاسلامية
326,كليـة التربيـة – لغة عربية - أم درمان,جامعة القرآن الكريم والعلوم الاسلامية
327,كليـة التربيـة – لغة انجليزية - أم درمان,جامعة القرآن الكريم والعلوم الاسلامية
328,كليـة التربيـة – جغرافيا - أم درمان,جامعة القرآن الكريم والعلوم الاسلامية
329,كليـة التربيـة – تاريخ - أم درمان,جامعة القرآن الكريم والعلوم الاسلامية
330,كليـة التربيـة – القران الكريم والدراسات الاسلامية - أم درمان,جامعة القرآن الكريم والعلوم الاسلامية
331,مدرسـة الألسن - لغة انجليزية – أم درمان,جامعة القرآن الكريم والعلوم الاسلامية
332,مدرسـة الألسن - لغة فرنسية – أم درمان,جامعة القرآن الكريم والعلوم الاسلامية
333,مدرسـة الألسن - لغة تركية – أم درمان,جامعة القرآن الكريم والعلوم الاسلامية
334,كلية علوم الحاسوب وتقانة المعلومات – علوم الحاسوب - أم درمان,جامعة القرآن الكريم والعلوم الاسلامية
335,كلية علوم الحاسوب وتقانة المعلومات – تقانة المعلومات - أم درمان,جامعة القرآن الكريم والعلوم الاسلامية
336,كلية علوم الحاسوب وتقانة المعلومات – نظم المعلومات - أم درمان,جامعة القرآن الكريم والعلوم الاسلامية
337,كليـة القـرآن الكريـم – القراءات* - الكاملين,جامعة القرآن الكريم وتأصيل العلوم
338,كليـة القـرآن الكريـم – الدراسات الإسلامية** – الكاملين,جامعة القرآن الكريم وتأصيل العلوم
339,كليـة الشـريعة – الشريعة والقانون – مدني,جامعة القرآن الكريم وتأصيل العلوم
340,كليـة الشـريعة – الفقه وأصوله – مدني,جامعة القرآن الكريم وتأصيل العلوم
341,كليـة الشـريعة – الشريعة والقانون – الهلالية,جامعة القرآن الكريم وتأصيل العلوم
342,كليـة الشـريعة – الفقه وأصوله – الهلالية,جامعة القرآن الكريم وتأصيل العلوم
343,كليـة علوم الحاسوب وتقانة المعلومات – علوم الحاسوب – رفاعة,جامعة القرآن الكريم وتأصيل العلوم
344,كليـة علوم الحاسوب وتقانة المعلومات – تقانة المعلومات – رفاعة,جامعة القرآن الكريم وتأصيل العلوم
345,كليـة التربية – أحياء - مدني – طالبات فقط,جامعة القرآن الكريم وتأصيل العلوم
346,كليـة التربية – كيمياء – مدني – طالبات فقط,جامعة القرآن الكريم وتأصيل العلوم
347,كليـة التربية – رياضيات – مدني,جامعة القرآن الكريم وتأصيل العلوم
348,كليـة التربية – فيزياء – مدني,جامعة القرآن الكريم وتأصيل العلوم
349,كليـة التربية – لغة عربية – مدني,جامعة القرآن الكريم وتأصيل العلوم
350,كليـة التربية – لغة انجليزية – مدني,جامعة القرآن الكريم وتأصيل العلوم
351,كليـة التربية – لغة فرنسية – مدني,جامعة القرآن الكريم وتأصيل العلوم
352,كليـة التربية – جغرافيا – مدنى,جامعة القرآن الكريم وتأصيل العلوم
353,كليـة التربية – تاريخ – مدنى,جامعة القرآن الكريم وتأصيل العلوم
354,كليـة التربية – الدراسات الإسلامية – مدنى,جامعة القرآن الكريم وتأصيل العلوم
355,كليـة التربيـة التعليم الأسـاسي ( إبتدائي – متوسط ) - مدني,جامعة القرآن الكريم وتأصيل العلوم
356,كليـة التربية – التعليم قبل المدرسى – طالبات فقط,جامعة القرآن الكريم وتأصيل العلوم
357,كليـة اللغة العربية – المناقل,جامعة القرآن الكريم وتأصيل العلوم
358,كليـة الإقتصاد والعلوم الإدارية - المحاسبة – الحصاحيصا,جامعة القرآن الكريم وتأصيل العلوم
359,كليـة الإقتصاد والعلوم الإدارية - إدارة الأعمال – الحصاحيصا,جامعة القرآن الكريم وتأصيل العلوم
360,كليـة الإقتصاد والعلوم الإدارية - الإقتصاد – الحصاحيصا,جامعة القرآن الكريم وتأصيل العلوم
361,كليـة الإقتصاد والعلوم الإدارية – العلوم السياسية – الحصاحيصا,جامعة القرآن الكريم وتأصيل العلوم
362,كليـة اللغات – اللغة الإنجليزية – الحوش,جامعة القرآن الكريم وتأصيل العلوم
363,كليـة اللغات – اللغة الفرنسية – الحوش,جامعة القرآن الكريم وتأصيل العلوم
364,كلية الدعوة والإعلام – الدعوة ونظم الاتصال - ابوعشر – طالبات فقط,جامعة القرآن الكريم وتأصيل العلوم
365,كلية الدعوة والإعلام – الإعلام - ابوعشر –  طالبات فقط,جامعة القرآن الكريم وتأصيل العلوم
366,كلية الآداب – التاريخ والحضارة الإسلامية – طالبات - ابوقوتة,جامعة القرآن الكريم وتأصيل العلوم
367,كلية الآداب – الجغرافيا والبيئة – طالبات – ابوقوتة,جامعة القرآن الكريم وتأصيل العلوم
368,كلية الآداب – اللغة العربية – طالبات – ابوقوتة,جامعة القرآن الكريم وتأصيل العلوم
369,كلية العلوم الأسرية – علوم الغذاء والتغذية - طالبات– مدني,جامعة القرآن الكريم وتأصيل العلوم
370,كلية العلوم الأسرية – الإقتصاد المنزلى- طالبات– مدني,جامعة القرآن الكريم وتأصيل العلوم
371,كليـة الطــب,جامعة النيلين
372,كليـة طب الأسنان,جامعة النيلين
373,كليـة الصيدلة,جامعة النيلين
374,كليـة علوم المختبرات الطبية,جامعة النيلين
375,كليـة علوم التمريض,جامعة النيلين
376,كليـة العلاج الطبيعى – العلاج الطبيعي,جامعة النيلين
377,كليـة علوم البصريات,جامعة النيلين
378,كليـة الهندسة – هندسة التحكم,جامعة النيلين
379,كليـة الهندسة – الهندسة الكيميائية,جامعة النيلين
380,كليـة الهندسة – هندسة الإتصالات,جامعة النيلين
381,كليـة الهندسة – هندسة الحاسوب,جامعة النيلين
382,كليـة علوم الحاسوب وتقانة المعلومات – علوم الحاسوب,جامعة النيلين
383,كليـة علوم الحاسوب وتقانة المعلومات – تقانة المعلومات,جامعة النيلين
384,كليـة علوم الحاسوب وتقانة المعلومات - هندسة البرمجيات,جامعة النيلين
385,كليـة علوم الحاسوب وتقانة المعلومات - نظم المعلومات المحاسبية,جامعة النيلين
386,كليـة علوم الحاسوب وتقانة المعلومات - نظم المعلومات الإدارية,جامعة النيلين
387,كليـة علوم الحاسوب وتقانة المعلومات - نظم معلومات المكتبات,جامعة النيلين
388,كليـة العلوم الرياضية والإحصاء - النمذجة والحوسبة الرياضية,جامعة النيلين
389,كليـة العلوم الرياضية والإحصاء - الرياضيات,جامعة النيلين
390,كليـة العلوم الرياضية والإحصاء - الإحصاء والحوسبة,جامعة النيلين
391,كليـة العلوم الرياضية والإحصاء - علوم الاكشواري,جامعة النيلين
392,كليـة العلوم الرياضية والإحصاء – الإحصاء والديموغرافيا,جامعة النيلين
393,كليـة العلوم والتقانة – الفيزياء,جامعة النيلين
394,كليـة العلوم والتقانة  – الفيزياء الطبية والحيوية,جامعة النيلين
395,كليـة العلوم والتقانة – الطاقات المتجددة والليزر,جامعة النيلين
396,كليـة العلوم والتقانة – العلوم البيئية,جامعة النيلين
397,كليـة العلوم والتقانة – الأحياء,جامعة النيلين
398,كليـة العلوم والتقانة – الأحياء الدقيقة والأحياء الجزيئية,جامعة النيلين
399,كليـة العلوم والتقانة – التقنيات الأحيائية,جامعة النيلين
400,كليـة العلوم والتقانة - الكيمياء,جامعة النيلين
401,كليـة العلوم والتقانة - الكيمياء الحيوية والأحياء الجزيئية,جامعة النيلين
402,كليـة النفط والمعادن – الجيولوجيا,جامعة النيلين
403,كليـة النفط والمعادن – جيولوجيا المياه,جامعة النيلين
404,كليـة النفط والمعادن – جيولوجيا الثروات المعدنية,جامعة النيلين
405,كليـة النفط والمعادن – جيولوجيا البترول,جامعة النيلين
406,كليـة النفط والمعادن – الجيوفيزياء,جامعة النيلين
407,كليـة التقانة الزراعية وعلوم الأسماك – الإنتاج الحيواني,جامعة النيلين
408,كليـة التقانة الزراعية وعلوم الأسماك – تقانة الأغذية,جامعة النيلين
409,كليـة التقانة الزراعية وعلوم الأسماك - الهندسة الزراعية,جامعة النيلين
410,كليـة التقانة الزراعية وعلوم الأسماك – علوم الاسماك,جامعة النيلين
411,كليـة التقانة الزراعية وعلوم الأسماك – المحاصيل الحقلية والبستانية,جامعة النيلين
412,كليـة الآداب - قسم اللغة العربية,جامعة النيلين
413,كليـة الآداب - قسم اللغة الإنجليزية,جامعة النيلين
414,كليـة الآداب - قسم اللغة الفرنسية,جامعة النيلين
415,كليـة الآداب - قسم التاريخ,جامعة النيلين
416,كليـة الآداب - قسم الفلسفة,جامعة النيلين
417,كليـة الآداب - قسم علم النفس,جامعة النيلين
418,كليـة الآداب - قسم الجغرافيا,جامعة النيلين
419,كليـة الآداب - قسم المكتبات والمعلومات,جامعة النيلين
420,كليـة الآداب - قسم الآثار,جامعة النيلين
421,كليـة التجارة - المحاسبة,جامعة النيلين
422,كليـة التجارة - إدارة الأعمال,جامعة النيلين
423,كليـة التجارة – التأمين,جامعة النيلين
424,كليـة الدراسات الإقتصادية والإجتماعية - الإقتصاد,جامعة النيلين
425,كليـة الدراسات الإقتصادية والإجتماعية - العلوم السياسية,جامعة النيلين
426,كليـة الدراسات الإقتصادية والإجتماعية - علم الاجتماع والإنثروبولوجيا والخدمة الاجتماعية,جامعة النيلين
427,كليـة القانون,جامعة النيلين
428,كليـة التربية - قسم الدراما,جامعة النيلين
429,كليـة التربية - قسم التربية الرياضية  ( البدنية ) - طلاب فقط,جامعة النيلين
430,كليـة الفنـون الجميـلة والتصميم – التصميم الداخلى,جامعة النيلين
431,كليـة الفنـون الجميـلة والتصميم – التلوين,جامعة النيلين
432,كليـة الدراسات الإسلامية,جامعة النيلين
433,كليـة الطب,جامعة الزعيم الازهرى
434,كليـة طب الأسنان,جامعة الزعيم الازهرى
435,كليـة علوم المختبرات الطبية,جامعة الزعيم الازهرى
436,كليـة الصحة العامة,جامعة الزعيم الازهرى
437,كليـة علوم الأشعة والتصوير الطبي,جامعة الزعيم الازهرى
438,كليـة علوم التمريض,جامعة الزعيم الازهرى
439,كليـة العلوم الطبية التقنية – التخدير,جامعة الزعيم الازهرى
440,كليـة العلوم الطبية التقنية - القبالة – طالبات فقط,جامعة الزعيم الازهرى
441,كليـة الهندسـة - الهندسة المدنية,جامعة الزعيم الازهرى
442,كليـة الهندسـة - الهندسة الكهربائية,جامعة الزعيم الازهرى
443,كليـة الهندسـة - هندسة الحاسوب,جامعة الزعيم الازهرى
444,كليـة علوم الحاسوب وتقنية المعلومات - علوم الحاسوب,جامعة الزعيم الازهرى
445,كليـة علوم الحاسوب وتقنية المعلومات - تقنية المعلومات,جامعة الزعيم الازهرى
446,كليـة علوم الحاسوب وتقنية المعلومات - نظم المعلومات,جامعة الزعيم الازهرى
447,كليـة الزراعـة - وقاية النبات والدراسات البيئية,جامعة الزعيم الازهرى
448,كليـة الزراعـة – الإرشاد الزراعي والتنمية الريفية,جامعة الزعيم الازهرى
449,كليـة الزراعـة – البساتين,جامعة الزعيم الازهرى
450,كليـة الزراعـة  –الإقتصاد الزراعي,جامعة الزعيم الازهرى
451,كليـة الزراعـة – الإنتاج الحيواني,جامعة الزعيم الازهرى
452,كليـة الزراعـة - علوم وتكنولوجيا الأغذية,جامعة الزعيم الازهرى
453,كليـة التربية القسم العلمي,جامعة الزعيم الازهرى
454,كليـة التربية القسم الأدبي,جامعة الزعيم الازهرى
455,كليـة العلـوم السياسية والدراسـات الاستراتيجية – العلوم السياسية,جامعة الزعيم الازهرى
456,كليـة العلـوم السياسية والدراسات الاستراتيجية – الدراسات الإستراتيجية,جامعة الزعيم الازهرى
457,كليـة الإقتصاد والعلوم الإدارية – قسم الإقتصاد,جامعة الزعيم الازهرى
458,كليـة الإقتصاد والعلوم الإدارية – قسم المحاسبة,جامعة الزعيم الازهرى
459,كليـة الإقتصاد والعلوم الإدارية – قسم إدارة الأعمال,جامعة الزعيم الازهرى
460,كليـة العلوم الحضرية – التخطيط الحضري,جامعة الزعيم الازهرى
461,كليـة العلوم الحضرية – علوم تنمية المرأة,جامعة الزعيم الازهرى
462,كليـة العلوم الحضرية – علوم السكان,جامعة الزعيم الازهرى
463,كليـة العلوم الحضرية – علوم البيئة,جامعة الزعيم الازهرى
464,كليـة الشريعة والقانون,جامعة الزعيم الازهرى
465,كليـة السياحة والفنادق – إدارة السياحة,جامعة الزعيم الازهرى
466,كليـة السياحة والفنادق – إدارة الفنادق والضيافة,جامعة الزعيم الازهرى
467,كليـة السياحة والفنادق – الأغذية والمطاعم,جامعة الزعيم الازهرى
468,كليـة السياحة والفنادق – الإرشاد السياحى,جامعة الزعيم الازهرى
469,كليـة الطـب,جامعة بحرى
470,كليـة علوم المختبرات الطبية,جامعة بحرى
471,كليـة علوم التمـريض,جامعة بحرى
472,كليـة الصحة العامة,جامعة بحرى
473,كليـة الطـب البيطري,جامعة بحرى
474,كليـة الانتـاج الحيـوانى,جامعة بحرى
475,كليـة الزراعة,جامعة بحرى
476,كليـة المـوارد الطبيعيـة – علـوم الاسمـاك,جامعة بحرى
477,كليـة المـوارد الطبيعيـة – الحيـاة البـرية,جامعة بحرى
478,كليـة المـوارد الطبيعيـة – علـوم الغـابات,جامعة بحرى
479,كليـة المـوارد الطبيعيـة - الدراسات البيئيـة,جامعة بحرى
480,كليـة جيولوجيا البترول والمعادن – الثروات المعدنية,جامعة بحرى
481,كليـة جيولوجيا البترول والمعادن – المياه الجوفية,جامعة بحرى
482,كليـة جيولوجيا البترول والمعادن – جيولوجيا البترول,جامعة بحرى
483,كليـة العلوم التطبيقية والصناعية – الفيزياء والالكترونيات والاجهزه العلمية,جامعة بحرى
484,كليـة العلوم التطبيقية والصناعية – الارصاد الجوى,جامعة بحرى
485,كليـة العلوم التطبيقية والصناعية – الكيمياء والكيمياء الصناعية,جامعة بحرى
486,كليـة العلوم التطبيقية والصناعية – الصناعات,جامعة بحرى
487,كليـة العلوم التطبيقية والصناعية – الاحياء والتقانة,جامعة بحرى
488,كليـة هندسة العمارة,جامعة بحرى
489,كليـة الهندسة المدنية,جامعة بحرى
490,كليـة الهندسة الميكانيكية,جامعة بحرى
491,كليـة الهندسة الكهربائية,جامعة بحرى
492,كليـة الهندسة الزراعية,جامعة بحرى
493,كليـة الحاسوب والرياضيات - علوم الحاسوب,جامعة بحرى
494,كليـة الحاسوب والرياضيات - تقنية المعلومات,جامعة بحرى
495,كليـة الحاسوب والرياضيات – نظم الحاسوب والشبكات,جامعة بحرى
496,كليـة الحاسوب والرياضيات – الإحصاء,جامعة بحرى
497,كليـة الحاسوب والرياضيات – الرياضيات,جامعة بحرى
498,كليـة التربية أحياء,جامعة بحرى
499,كليـة التربية - كيمياء,جامعة بحرى
500,كليـة التربية - رياضيات,جامعة بحرى
501,كليـة التربية - فيزياء,جامعة بحرى
502,كليـة التربية - لغة عربية,جامعة بحرى
503,كليـة التربية - لغة إنجليزية,جامعة بحرى
504,كليـة التربية – جغرافيا,جامعة بحرى
505,كليـة التربية - تاريخ,جامعة بحرى
506,كليـة التربيـة التعليم الأسـاسي ( إبتدائي – متوسط ),جامعة بحرى
507,كليـة التربية - التعليم قبل المدرسة,جامعة بحرى
508,كليـة التربية - التربية الخاصة,جامعة بحرى
509,كليـة التربية – الفنية,جامعة بحرى
510,كليـة الدراسات الاجتماعية والإقتصادية - الإقتصاد,جامعة بحرى
511,كليـة الدراسات الاجتماعية والإقتصادية – الإحصاء والديموغرافيا,جامعة بحرى
512,كليـة الدراسات الاجتماعية والإقتصادية - العلوم السياسية,جامعة بحرى
513,كليـة الدراسات الاجتماعية والإقتصادية – الاجتماع والانثروبولوجيا,جامعة بحرى
514,كليـة العلوم الادارية – المحاسبة والتمويل,جامعة بحرى
515,كليـة العلوم الادارية – إدارة الأعمال,جامعة بحرى
516,كليـة العلوم الادارية – التكاليف والمحاسبة الإدارية,جامعة بحرى
517,كليـة العلوم الادارية – الدراسات المصرفية والمالية,جامعة بحرى
518,كليـة العلوم الادارية – الإدارة العامة,جامعة بحرى
519,كليـة العلوم الادارية – إدارة الموارد البشرية,جامعة بحرى
520,كليـة العلوم الادارية – التسويق,جامعة بحرى
521,كليـة العلوم الادارية – السكرتارية التنفيذية,جامعة بحرى
522,كليـة القانون,جامعة بحرى
523,كليـة اللغات – اللغة العربية,جامعة بحرى
524,كليـة اللغات – اللغة الإنجليزية,جامعة بحرى
525,كليـة اللغات – اللغة الفرنسية,جامعة بحرى
526,كليـة اللغات – اللغة الروسية,جامعة بحرى
527,كليـة العلوم الانسانية - التاريخ,جامعة بحرى
528,كليـة العلوم الانسانية – الفلسفة,جامعة بحرى
529,كليـة العلوم الانسانية – علم النفس,جامعة بحرى
530,كليـة العلوم الانسانية – الجغرافيا,جامعة بحرى
531,كليـة العلوم الانسانية – مقارنة الأديان,جامعة بحرى
532,كليـة العلوم الانسانية – الأعلام,جامعة بحرى
533,كليـة العلوم الانسانية – الآثار,جامعة بحرى
534,كليـة دراسات المجتمع والتنمية الريفية - الخدمة الاجتماعية,جامعة بحرى
535,كليـة دراسات المجتمع والتنمية الريفية - علوم المكتبات والمعلومات,جامعة بحرى
536,كليـة دراسات المجتمع والتنمية الريفية - التنمية الريفية,جامعة بحرى
537,كليـة دراسات المجتمع والتنمية الريفية - الاتصال التنموى,جامعة بحرى
538,كليـة الطب – شندى,جامعة شندى
539,كلية طب الأسنان - شندى,جامعة شندى
540,كليـة علوم المختبرات الطبية - شندى,جامعة شندى
541,كليـة علوم التمريض - شندى,جامعة شندى
542,كليـة الصحة العامة – المتمة,جامعة شندى
543,كلية الهندسة والعماره – الهندسة الكهربائية والإلكترونية - شندى,جامعة شندى
544,كلية الهندسة والعماره – الهندسة المدنية - شندى,جامعة شندى
545,كلية الهندسة والعماره – هندسة العماره – شندى,جامعة شندى
546,كليـة العلوم والتقانة – الفيزياء - شندي,جامعة شندى
547,كليـة العلوم والتقانة – الرياضيات - شندي,جامعة شندى
548,كليـة العلوم والتقانة – الكيمياء - شندي,جامعة شندى
549,كليـة العلوم والتقانة – الإحصاء التطبيقى – شندي,جامعة شندى
550,كليـة العلوم والتقانة – الحيوان – شندي,جامعة شندى
551,كليـة العلوم والتقانة – النبات – شندي,جامعة شندى
552,كليـة العلوم والتقانة – التقانة الإحيائية – شندي,جامعة شندى
553,كليـة علوم الحاسوب وتقانة المعلومات – علوم الحاسوب – شندي,جامعة شندى
554,كليـة علوم الحاسوب وتقانة المعلومات – تقانة المعلومات – شندي,جامعة شندى
555,كليـة علوم الحاسوب وتقانة المعلومات – نظم المعلومات – شندي,جامعة شندى
556,كليـة الإقتصاد والعلوم الإدارية – المحاسبة - شندى,جامعة شندى
557,كليـة الإقتصاد والعلوم الإدارية – إدارة الأعمال - شندى,جامعة شندى
558,كليـة الإقتصاد والعلوم الإدارية – الإقتصاد - شندى,جامعة شندى
559,كليـة الإقتصاد والعلوم الإدارية – التمويل والمصارف - شندى,جامعة شندى
560,كليـة القانون – المتمة,جامعة شندى
561,كليـة الدراسات التنموية - تنمية المجتمع – طيبة الخواض,جامعة شندى
562,كليـة الدراسات التنموية - التنمية الإقتصادية – طيبة الخواض,جامعة شندى
563,كليـة الدراسات التنموية – علم الإجتماع والأنثروبولوجيا – طيبة الخواض,جامعة شندى
564,كليـة الآداب – اللغة العربية وآدابها – شندي,جامعة شندى
565,كليـة الآداب – اللغة الإنجليزية وآدابها – شندي,جامعة شندى
566,كليـة الآداب – اللغة الفرنسية وآدابها – شندي,جامعة شندى
567,كليـة الآداب  - التاريخ – شندي,جامعة شندى
568,كليـة الآداب – الدراسات الإسلامية  - شندي,جامعة شندى
569,كليـة الآداب  - الجغرافيا – شندي,جامعة شندى
570,كليـة الآداب – الإعلام – شندي,جامعة شندى
571,كليـة السياحة والآثار – السياحة – شندي,جامعة شندى
572,كليـة السياحة والآثار – الفنادق – شندي,جامعة شندى
573,كليـة السياحة والآثار – الآثار – شندي,جامعة شندى
574,كليـة السياحة والآثار – المتاحف – شندي,جامعة شندى
575,كلية التربية – أحياء – شندى,جامعة شندى
576,كلية التربية – كيمياء – شندى,جامعة شندى
577,كلية التربية – رياضيات – شندى,جامعة شندى
578,كلية التربية – فيزياء – شندى,جامعة شندى
579,كلية التربية – لغة عربية – شندى,جامعة شندى
580,كلية التربية – لغة إنجليزية – شندى,جامعة شندى
581,كلية التربية – جغرافيا – شندى,جامعة شندى
582,كلية التربية – تاريخ – شندى,جامعة شندى
583,كلية التربية – دراسات إسلامية – شندى,جامعة شندى
584,كليـة التربيـة التعليم الأسـاسي ( إبتدائي – متوسط ) - شندى,جامعة شندى
585,كليـة الطــب والعلوم الصحية – الطب والجراحة – عطبرة,جامعة وادى النيل
586,كليـة الطــب والعلوم الصحية – الصيدلة – عطبرة,جامعة وادى النيل
587,كليـة الطــب والعلوم الصحية – علوم المختبرات الطبية – عطبرة,جامعة وادى النيل
588,كليـة الهندسة والتقنية – الهندسة الميكانيكية  – عطبرة,جامعة وادى النيل
589,كليـة الهندسة والتقنية – هندسة التصنيع – عطبرة,جامعة وادى النيل
590,كليـة الهندسة والتقنية – هندسة كهربائية وإلكترونية – عطبرة,جامعة وادى النيل
591,كليـة الهندسة  والتقنية – الهندسة المدنية – عطبرة,جامعة وادى النيل
592,كلية علوم الحاسوب وتقانة المعلومات – علوم الحاسوب - عطبرة,جامعة وادى النيل
593,كلية علوم الحاسوب وتقانة المعلومات – تقانة المعلومات – عطبرة,جامعة وادى النيل
594,كلية علوم الحاسوب وتقانة المعلومات – نظم المعلومات – عطبرة,جامعة وادى النيل
595,كليـة الزراعـة – وقاية المحاصيل – عطبرة,جامعة وادى النيل
596,كليـة الزراعـة – البساتين – عطبرة,جامعة وادى النيل
597,كليـة الزراعـة – الإقتصاد الزراعي – عطبرة,جامعة وادى النيل
598,كليـة الزراعـة – الإنتاج الحيوانى – عطبرة,جامعة وادى النيل
599,كليـة الزراعـة – الهندسة الزراعية – عطبرة,جامعة وادى النيل
600,كليـة الزراعـة – تكنولوجيا البذور – عطبرة,جامعة وادى النيل
601,كليـة التربية – قسم الأحياء – عطبرة,جامعة وادى النيل
602,كليـة التربية – قسم الرياضيات – عطبرة,جامعة وادى النيل
603,كليـة التربية - القسم الأدبي – عطبرة,جامعة وادى النيل
604,كليـة التربيـة التعليم الأسـاسي ( إبتدائي – متوسط ) - الدامر,جامعة وادى النيل
605,كليـة الإقتصاد والعلوم الإدارية – الدامر,جامعة وادى النيل
606,كليـة الشريعة والقانون – بربر,جامعة وادى النيل
607,كلية المعادن وعلوم الأرض – جيولوجيا المياه – ابوحمد - طلاب,جامعة وادى النيل
608,كلية المعادن وعلوم الأرض – الثروات المعدنية – ابوحمد - طلاب,جامعة وادى النيل
609,كليـة الآداب – الدراسات الإسلامية – بربر,جامعة وادى النيل
610,كليـة الآداب - اللغة العربية – بربر,جامعة وادى النيل
611,كليـة الآداب - الإعلام – بربر,جامعة وادى النيل
612,كليـة الآداب - اللغة الإنجليزية – بربر,جامعة وادى النيل
613,كليـة الآداب - المكتبات والمعلومات – بربر,جامعة وادى النيل
614,كليـة الآداب  - الآثار والمتاحف – بربر,جامعة وادى النيل
615,كليـة الآداب - اللغة الفرنسية – بربر,جامعة وادى النيل
616,كليـة الطب والعلوم الصحية - دنقلا,جامعة دنقلا
617,كلية علوم المختبرات الطبية - الدبة,جامعة دنقلا
618,كليـة  التمريض - دنقلا,جامعة دنقلا
619,كليـة الهندسة – قسم المدنية – الدبة,جامعة دنقلا
620,الهندسة الكهربائية والإلكترونية – هندسة الإتصالات - الدبة,جامعة دنقلا
621,الهندسة الكهربائية والإلكترونية – هندسة التحكم - الدبة,جامعة دنقلا
622,الهندسة الكهربائية والإلكترونية – هندسة الحاسوب - الدبة,جامعة دنقلا
623,كليـة العلوم الزراعية – إنتاج المحاصيل – دنقلا السليم,جامعة دنقلا
624,كليـة العلوم الزراعية – وقاية المحاصيل – دنقلا السليم,جامعة دنقلا
625,كليـة العلوم الزراعية – البساتين – دنقلا السليم,جامعة دنقلا
626,كليـة العلوم الزراعية – الإقتصاد الزراعي – دنقلا السليم,جامعة دنقلا
627,كليـة العلوم الزراعية – الإنتاج الحيوانى – دنقلا السليم,جامعة دنقلا
628,كليـة العلوم الزراعية – الهندسة  الزراعية – دنقلا السليم,جامعة دنقلا
629,كليـة علوم الأرض والتعدين –  حلفا القديمة – طلاب فقط,جامعة دنقلا
630,كليـة علوم الحاسوب والتنمية البشرية – علوم الحاسوب – دنقلا,جامعة دنقلا
631,كليـة علوم الحاسوب والتنمية البشرية – تقنية المعلومات – دنقلا,جامعة دنقلا
632,كليـة التربية قسم الأحياء – دنقلا,جامعة دنقلا
633,كليـة التربية قسم الرياضيات – دنقلا,جامعة دنقلا
634,كليـة التربية قسم الفيزياء – دنقلا,جامعة دنقلا
635,كليـة التربية القسم الأدبي – مروي,جامعة دنقلا
636,كليـة التربية القسم الأدبي – لغة عربية – رومي البكري,جامعة دنقلا
637,كليـة التربية القسم الأدبي – دراسات إسلامية – رومي البكري,جامعة دنقلا
638,كليـة التربية القسم الأدبي – لغة إنجليزية – رومي البكري,جامعة دنقلا
639,كليـة التربيـة التعليم الأسـاسي ( إبتدائي – متوسط ) - دنقلا,جامعة دنقلا
640,كليـة الآداب والدراسات الإنسانية - الآثار – كريمة,جامعة دنقلا
641,كليـة الآداب والدراسات الإنسانية - الفولكلور – كريمة,جامعة دنقلا
642,كليـة الآداب والدراسات الإنسانية - التاريخ – كريمة,جامعة دنقلا
643,كليـة الآداب والدراسات الإنسانية – الجغرافيا – كريمة,جامعة دنقلا
644,كليـة الآداب والدراسات الإنسانية – الإجتماع  – كريمة,جامعة دنقلا
645,كليـة الآداب والدراسات الإنسانية – اللغة الإنجليزية – كريمة,جامعة دنقلا
646,كليـة الآداب والدراسات الإنسانية– اللغة العربية – كريمة,جامعة دنقلا
647,كليـة الآداب والدراسات الإنسانية – الدراسات الإسلامية – كريمة,جامعة دنقلا
648,كليـة الآداب والدراسات الإنسانية – المعلومات والمكتبات – كريمة,جامعة دنقلا
649,كليـة الإقتصاد والعلوم الإدارية – الإقتصاد والإحصاء - دنقلا السليم,جامعة دنقلا
650,كليـة الإقتصاد والعلوم الإدارية – العلوم السياسية والإدارة العامة - دنقلا السليم,جامعة دنقلا
651,كليـة الإقتصاد والعلوم الإدارية – المحاسبة - دنقلا السليم,جامعة دنقلا
652,كليـة الإقتصاد والعلوم الإدارية – إدارة الأعمال - دنقلا السليم,جامعة دنقلا
653,كليـة العلوم الإدارية- الدراسات المصرفية والمالية – القولد – رومي البكري,جامعة دنقلا
654,كليـة العلوم الإدارية- التكاليف والمحاسبة الادارية – القولد – رومي البكري,جامعة دنقلا
655,كليـة العلوم الإدارية - التسويق – القولد – رومي البكري,جامعة دنقلا
656,كليـة العلوم الإدارية - التأمين – القولد – رومي البكري,جامعة دنقلا
657,كليـة الشريعة والقانون – القولد – رومي البكري,جامعة دنقلا
658,كلية السياحة والفنادق – إدارة السياحة – كرمه,جامعة دنقلا
659,كلية السياحة والفنادق – إدارة الفنادق – كرمه,جامعة دنقلا
660,كلية السياحة والفنادق – الإرشاد السياحى – كرمه,جامعة دنقلا
661,كليـة القرآن الكريم والدراسات الإسلامية – القراءات – رومي البكري,جامعة دنقلا
662,كليـة القرآن الكريم والدراسات الإسلامية - د.الإسلامية – رومي البكري,جامعة دنقلا
663,كليـة الطـب والعلـوم الصحيـة - بورتسودان,جامعة البحر الاحمر
664,كليـة طـب الأسنان - بورتسودان,جامعة البحر الاحمر
665,كليـة الهندسة قسم المدنية - بورتسودان,جامعة البحر الاحمر
666,كليـة الهندسة قسم الميكانيكية – بورتسودان,جامعة البحر الاحمر
667,كليـة الهندسة قسم الكهربائية والإلكترونية - بورتسودان,جامعة البحر الاحمر
668,كليـة الهندسة – قسم الكيميائية – بورتسودان,جامعة البحر الاحمر
669,كليـة العلـوم التطبيقيـة قسم الكيمياء التطبيقية - بورتسودان,جامعة البحر الاحمر
670,كليـة العلـوم التطبيقيـة قسم البيئة والموارد الطبيعية - بورتسودان,جامعة البحر الاحمر
671,كليـة العلـوم التطبيقيـة قسم الفيزياء الطبية – بورتسودان,جامعة البحر الاحمر
672,كليـة العلـوم التطبيقيـة قسم فيزياء الإلكترونيات – بورتسودان,جامعة البحر الاحمر
673,كليـة العلـوم التطبيقيـة قسم المختبرات الكيميائية – بورتسودان,جامعة البحر الاحمر
674,كليـة العلـوم التطبيقيـة قسم الرياضيات – بورتسودان,جامعة البحر الاحمر
675,كليـة علـوم الحاسوب وتقانة المعلومات - علوم الحاسوب – بورتسودان,جامعة البحر الاحمر
676,كليـة علـوم الحاسوب وتقانة المعلومات – تقانة المعلومات – بورتسودان,جامعة البحر الاحمر
677,كليـة علـوم الحاسوب وتقانة المعلومات – شبكات ونظم الحاسوب – بورتسودان,جامعة البحر الاحمر
678,كليـة علـوم الأرض – بورتسودان,جامعة البحر الاحمر
679,كليـة علـوم البحـار والمصائـد - بورتسودان,جامعة البحر الاحمر
680,كليـة العلـوم الإداريـة – إدارة الأعمال– بورتسودان,جامعة البحر الاحمر
681,كليـة العلـوم الإداريـة – المحاسبة والتمويل – بورتسودان,جامعة البحر الاحمر
682,كليـة العلـوم الإداريـة – التسويق – بورتسودان,جامعة البحر الاحمر
683,كليـة الإقتصاد والعلـوم الإجتماعيـة – بورتسودان,جامعة البحر الاحمر
684,كليـة الآداب – بورتسودان,جامعة البحر الاحمر
685,كليـة التربيـة القسـم العلمي – جبيت,جامعة البحر الاحمر
686,كليـة التربيـة القسم الأدبي – جبيت,جامعة البحر الاحمر
687,كليـة التربيـة التعليم الأسـاسي ( إبتدائي – متوسط ) - بورتسودان,جامعة البحر الاحمر
688,كلية القانون  - بورتسودان,جامعة البحر الاحمر
689,كلية السياحة والفنادق – سنكات,جامعة البحر الاحمر
690,كليـة الطب والعلوم الصحية – الطب والجراحة - كســلا,جامعة كسلا
691,كليـة علوم المختبرات الطبية - كســلا,جامعة كسلا
692,كليـة الطب والعلوم الصحية - التمريض - كســلا,جامعة كسلا
693,كليـة الهندسة – الهندسة المدنية - كســلا,جامعة كسلا
694,كليـة الهندسة – الهندسة الميكانيكية - كســلا,جامعة كسلا
695,كليـة الهندسة – الهندسة الكهربائية والالكترونية - كســلا,جامعة كسلا
696,كليـة الزراعـة والموارد الطبيعية – علوم المحاصيل - حلفا الجديدة,جامعة كسلا
697,كليـة الزراعـة والموارد الطبيعية – وقاية المحاصيل - حلفا الجديدة,جامعة كسلا
698,كليـة الزراعـة والموارد الطبيعية – الإرشاد الزراعي والتنمية الريفية - حلفا الجديدة,جامعة كسلا
699,كليـة الزراعـة والموارد الطبيعية – علوم البساتين - حلفا الجديدة,جامعة كسلا
700,كليـة الزراعـة والموارد الطبيعية – الإقتصاد الزراعي - حلفا الجديدة,جامعة كسلا
701,كليـة الزراعـة والموارد الطبيعية – الهندسة الزراعية- حلفا الجديدة,جامعة كسلا
702,كليـة الزراعـة والموارد الطبيعية – علوم وتقانة الأغذية - حلفا الجديدة,جامعة كسلا
703,كليـة الزراعـة والموارد الطبيعية – الإنتاج الحيواني - حلفا الجديدة,جامعة كسلا
704,كليـة العلــوم – الأحياء – كسلا,جامعة كسلا
705,كليـة العلــوم - الكيميـــــاء – كسلا,جامعة كسلا
706,كليـة العلــوم - الرياضيـــات – كسلا,جامعة كسلا
707,كليـة العلــوم - الفيزيـــــاء - كسلا,جامعة كسلا
708,كليـة علوم الحاسوب وتقانة المعلومات - علوم الحاسوب - كســلا,جامعة كسلا
709,كليـة علوم الحاسوب وتقانة المعلومات - تقانة المعلومات - كســلا,جامعة كسلا
710,كليـة علوم الحاسوب وتقانة المعلومات - نظم المعلومات - كســلا,جامعة كسلا
711,كليـة الإقتصاد والعلـوم الإدارية - الإقتصاد – كســلا,جامعة كسلا
712,كليـة الإقتصاد والعلـوم الإدارية - المحاسبة - كســلا,جامعة كسلا
713,كليـة الإقتصاد والعلـوم الإدارية - إدارة الأعمال - كســلا,جامعة كسلا
714,كليـة التربيـة قسـم الأحيـــاء والكيمياء - كســلا,جامعة كسلا
715,كليـة التربيـة قسـم الرياضيـات والفيزياء – كســلا,جامعة كسلا
716,كليـة التربيـة قسـم الأحيـــاء والكيمياء – حلفا الجديدة,جامعة كسلا
717,كليـة التربيـة قسـم الرياضيـات والفيزياء – حلفا الجديدة,جامعة كسلا
718,كليـة التربية قسم اللغة العربية والعلوم الإسلامية - كســلا,جامعة كسلا
719,كليـة التربية قسم اللغة الإنجليزية ولغويات - كســلا,جامعة كسلا
720,كليـة التربية قسم الجغرافيا والتاريخ - كســلا,جامعة كسلا
721,كليـة التربية قسم التعليم قبل المدرسة - كســلا,جامعة كسلا
722,كليـة التربية قسم الإرشاد التربوي النفسى - كســلا,جامعة كسلا
723,كليـة التربية - لغة عربية وعلوم إسلامية - حلفا الجديدة,جامعة كسلا
724,كليـة التربية - لغة إنجليزية ولغويات - حلفا الجديدة,جامعة كسلا
725,كليـة التربية - جغرافيا وتاريخ - حلفا الجديدة,جامعة كسلا
726,كليـة التربية - التعليم قبل المدرسة – حلفا الجديدة,جامعة كسلا
727,كليـة التربية - الإرشاد التربوي النفسى – حلفا الجديدة,جامعة كسلا
728,كليـة التربيـة مرحلة الأسـاس ( إبتدائي – متوسط ) - كسلا,جامعة كسلا
729,كليـة التربيـة - التعليم الأسـاسي ( إبتدائي – متوسط ) – حلفا الجديدة,جامعة كسلا
730,كليـة الدراسات الإسلامية ( طلاب ) - كســلا,جامعة كسلا
731,كليـة الدراسات الإسلامية ( طالبات ) - كســلا,جامعة كسلا
732,كليـة القانون - كسلا,جامعة كسلا
733,كليـة الطـب والعلـوم الصحيـة - الطب والجراحة - القضارف,جامعة القضارف
734,كليـة الصيدلة - القضارف,جامعة القضارف
735,كليـة علوم المختبرات الطبية – القضارف,جامعة القضارف
736,كليـة الطـب والعلـوم الصحيـة - علوم التمريض – القضارف,جامعة القضارف
737,كلية الهندسة والعماره – الهندسة الكهربائية – القضارف,جامعة القضارف
738,كلية الهندسة والعماره – الهندسة المدنية – القضارف,جامعة القضارف
739,كلية الهندسة والعماره – الهندسة الميكانيكية – القضارف,جامعة القضارف
740,كليـة العلوم البيطرية – الشواك,جامعة القضارف
741,كليـة العلـوم الزراعيـة والبيئـة - القضارف,جامعة القضارف
742,كليـة علوم الحاسوب وتقانة المعلومات - علوم الحاسوب - القضارف,جامعة القضارف
743,كليـة علوم الحاسوب وتقانة المعلومات - تقانة المعلومات – القضارف,جامعة القضارف
744,كليـة علوم الحاسوب وتقانة المعلومات - نظم المعلومات – القضارف,جامعة القضارف
745,كليـة الشريعه والقانون – القضارف,جامعة القضارف
746,كليـة الإقتصاد والعلوم الإدارية – العلوم الإقتصادية والاجتماعية - القضارف,جامعة القضارف
747,كليـة الإقتصاد والعلوم الإدارية – العلــوم الإداريـة – القضارف,جامعة القضارف
748,كليـة التربيـة القسم العلمي (أحياء) - القضارف,جامعة القضارف
749,كليـة التربيـة القسم العلمى ( رياضيات – فيزياء ) – القضارف,جامعة القضارف
750,كليـة التربيـة القسم الأدبي – القضارف,جامعة القضارف
751,كليـة التربية التعليم الأساسي ( إبتدائى – متوسط ) – القضارف,جامعة القضارف
752,كلية الآداب والعلوم الإنسانية – الآثار والفلكلور – القضارف,جامعة القضارف
753,كلية الآداب والعلوم الإنسانية – العلوم الحضرية – القضارف,جامعة القضارف
754,كلية الآداب والعلوم الإنسانية – الدراسات الإسلامية - القضارف,جامعة القضارف
755,كلية الآداب والعلوم الإنسانية – اللغة العربية - القضارف,جامعة القضارف
756,كلية الآداب والعلوم الإنسانية – اللغة الإنجليزية - القضارف,جامعة القضارف
757,كليـة الطب والجراحة – سـنار,جامعة سنار
758,كليـة الصيدلة – سنجـة,جامعة سنار
759,كليـة علوم المختبرات الطبية – سـنار,جامعة سنار
760,كليـة علوم التمريض – سـنار,جامعة سنار
761,كلية الطب البيطري - الدندر,جامعة سنار
762,كليـة الإنتاج الحيوانى – أبو نعامة,جامعة سنار
763,كليـة الزراعـة – أبو نعامة,جامعة سنار
764,كليـة المـوارد الطبيعيـة والدراسـات البيئيـة - السوكي,جامعة سنار
765,كليـة الهندسـة - قسم المدنيـة – سـنار,جامعة سنار
766,كليـة الهندسـة - قسم الميكانيكية - سـنار,جامعة سنار
767,كليـة الهندسـة - قسم الكهربائية - سـنار,جامعة سنار
768,كليـة الهندسـة - قسم الزراعية - سـنار,جامعة سنار
769,كليـة الهندسـة - قسم الحاسوب - سـنار,جامعة سنار
770,كليـة علوم الحاسوب وتقانة المعلومات – علوم الحاسوب – ودهاشم,جامعة سنار
771,كليـة علوم الحاسوب وتقانة المعلومات – تقانة المعلومات - ودهاشم,جامعة سنار
772,كليـة علوم الحاسوب وتقانة المعلومات – نظم الحاسوب والشبكات - ودهاشم,جامعة سنار
773,كليـة الشريعة والقانون – مايرنو,جامعة سنار
774,كليـة الإقتصاد والعلوم الإدارية - المحاسبة والإدارة المالية - سـنار,جامعة سنار
775,كليـة الإقتصاد والعلوم الإدارية - إدارة الأعمال - سـنار,جامعة سنار
776,كليـة الإقتصاد والعلوم الإدارية - البنوك والتمويل - سـنار,جامعة سنار
777,كليـة الإقتصاد والعلوم الإدارية - الإقتصاد - سـنار,جامعة سنار
778,كليـة الإقتصاد والعلوم الإدارية – الإحصاء والإقتصاد القياسي - سـنار,جامعة سنار
779,كليـة التربية – الكيمياء والأحياء – سنجة,جامعة سنار
780,كليـة التربية - الفيزياء والرياضيات – سنجة,جامعة سنار
781,كليـة التربية - لغة انجليزية – سنجة,جامعة سنار
782,كليـة التربية - جغرافيا وتاريخ – سنجة,جامعة سنار
783,كليـة التربية - دراسات اسلامية ولغة عربية – سنجـة,جامعة سنار
784,كليـة التربيـة التعليم الأسـاسي ( إبتدائي – متوسط ) ابوحجار,جامعة سنار
785,كلية الآداب – الدراسات الإسلامية - سـنار,جامعة سنار
786,كلية الآداب – اللغة العربية - سـنار,جامعة سنار
787,كلية الآداب – اللغة الإنجليزية - سـنار,جامعة سنار
788,كلية الآداب – التاريخ - سـنار,جامعة سنار
789,كلية الآداب – الإعلام - سـنار,جامعة سنار
790,كلية الآداب – الجغرافيا - سـنار,جامعة سنار
791,كليـة الدراسات التجارية - كركوج,جامعة سنار
792,كلية الطب والعلوم الصحية – الطب,جامعة النيل الازرق
793,كلية الطب والعلوم الصحية – التمريض,جامعة النيل الازرق
794,كليـة الهندسـة - قسم المدنيـــة – الروصيرص,جامعة النيل الازرق
795,كليـة الهندسـة – قسم التعدين (طلاب فقط) – الروصيرص,جامعة النيل الازرق
796,كليـة الهندسـة – قسم الميكانيـكا - الروصيرص,جامعة النيل الازرق
797,كليـة الهندسـة - قسم الكهربــاء - الروصيرص,جامعة النيل الازرق
798,كلية الزراعة والموارد الطبيعية – المحاصيل الحقلية والبستانية,جامعة النيل الازرق
799,كلية الزراعة والموارد الطبيعية – الإنتاج الحيوانى,جامعة النيل الازرق
800,كلية الزراعة والموارد الطبيعية – الهندسة الزراعية,جامعة النيل الازرق
801,كلية الزراعة والموارد الطبيعية – علوم المراعى,جامعة النيل الازرق
802,كلية الزراعة والموارد الطبيعية – علوم الغابات,جامعة النيل الازرق
803,كلية الزراعة والموارد الطبيعية – الحياة البرية والأسماك,جامعة النيل الازرق
804,كلية علوم الحاسوب وتقانة المعلومات – علوم الحاسوب – الروصيرص,جامعة النيل الازرق
805,كلية علوم الحاسوب وتقانة المعلومات – تقانة المعلومات – الروصيرص,جامعة النيل الازرق
806,كليـة الإقتصاد والعلوم الإدارية - المحاسبة – الروصيرص,جامعة النيل الازرق
807,كليـة الإقتصاد والعلوم الإدارية - إدارة الأعمال – الروصيرص,جامعة النيل الازرق
808,كليـة الإقتصاد والعلوم الإدارية - الإقتصاد – الروصيرص,جامعة النيل الازرق
809,كليـة الإقتصاد والعلوم الإدارية – نظم المعلومات الإدارية – الروصيرص,جامعة النيل الازرق
810,كلية التربية علمى - أحياء - الدمــازين,جامعة النيل الازرق
811,كلية التربية علمى - كيمياء - الدمــازين,جامعة النيل الازرق
812,كلية التربية علمى - رياضيات - الدمــازين,جامعة النيل الازرق
813,كلية التربية علمى - فيزياء - الدمــازين,جامعة النيل الازرق
814,كليـة التربيــة أدبي - الدمــازين,جامعة النيل الازرق
815,كليـة التربيــة أدبي – المكتبات والمعلومات - الدمــازين,جامعة النيل الازرق
816,كليـة التربيـة التعليم الأسـاسي ( إبتدائي – متوسط ) - الدمازين,جامعة النيل الازرق
817,كلية الطـب - كوستى,جامعة الامام المهدى
818,كلية علوم المختبرات الطبيـة – كوستى,جامعة الامام المهدى
819,كلية علوم التمريـــــض - كوستى,جامعة الامام المهدى
820,كلية  الصـحة العامــة وصحة البيئة – كوستى,جامعة الامام المهدى
821,كلية الهندسة - الهندسـة الميكانيكيـة – ربك,جامعة الامام المهدى
822,كلية الهندسة - هندسة التصنيع الغذائي – ربك,جامعة الامام المهدى
823,كلية الهندسة - الهندسـة الكيمـيائيـة - ربك,جامعة الامام المهدى
824,كلية الهندسة - الهندسـة الكهربائية – ربك,جامعة الامام المهدى
825,كلية الهندسة - الهندسـة المدنية – ربك,جامعة الامام المهدى
826,كلية علوم الحاسوب وتقنية المعلومات – علوم الحاسوب – كوستى,جامعة الامام المهدى
827,كلية علوم الحاسوب وتقنية المعلومات – تقنية المعلومات – كوستى,جامعة الامام المهدى
828,كليـة الشـريعة والقانـون - الجزيرة أبا,جامعة الامام المهدى
829,كليـة الإقتصاد والعلوم الإدارية - الإقتصاد -  كوستى,جامعة الامام المهدى
830,كليـة الإقتصاد والعلوم الإدارية - المحاسبة -  كوستى,جامعة الامام المهدى
831,كليـة الإقتصاد والعلوم الإدارية – إدارة الأعمال -  كوستى,جامعة الامام المهدى
832,كليـة الآداب – اللغة العربية - الجزيرة أبا,جامعة الامام المهدى
833,كليـة الآداب - اللغة الإنجليزية – الجزيرة أبا,جامعة الامام المهدى
834,كليـة الآداب – التاريخ - الجزيرة أبا,جامعة الامام المهدى
835,كليـة الآداب – علم النفس - الجزيرة أبا,جامعة الامام المهدى
836,كليـة الآداب - الجغرافيا - الجزيرة أبا,جامعة الامام المهدى
837,كليـة الآداب – المكتبات والمعلومات – الجزيرة أبا,جامعة الامام المهدى
838,كليـة الآداب – الدراسات الإسلامية – الجزيرة أبا,جامعة الامام المهدى
839,كليـة الآداب  –الاعلام – الجزيرة أبا,جامعة الامام المهدى
840,كلية التربية علمى – الأحياء,جامعة الامام المهدى
841,كلية التربية علمى – الكيمياء,جامعة الامام المهدى
842,كلية التربية علمى – الرياضيات,جامعة الامام المهدى
843,كلية التربية علمى – الفيزياء,جامعة الامام المهدى
844,كلية التربية أدبى – اللغة العربية,جامعة الامام المهدى
845,كلية التربية أدبى – اللغة الإنجليزية,جامعة الامام المهدى
846,كلية التربية أدبى – الدراسات الإسلامية,جامعة الامام المهدى
847,كلية التربية أدبى – الجغرافيا,جامعة الامام المهدى
848,كلية التربية أدبى – التاريخ,جامعة الامام المهدى
849,كليـة الـطـب والعلوم الصحية – الطب والجراحة,جامعة بخت الرضا
850,كليـة الـطـب والعلوم الصحية – علوم المختبرات الطبية,جامعة بخت الرضا
851,كليـة الـطـب والعلوم الصحية – علوم التمريض,جامعة بخت الرضا
852,كليـة الزراعـة والمـوارد الطبيعيـة,جامعة بخت الرضا
853,كليـة العلـوم قسم الحاسوب,جامعة بخت الرضا
854,كليـة العلـوم قسم الرياضيات,جامعة بخت الرضا
855,كليـة العلـوم قسم الفيزياء,جامعة بخت الرضا
856,كليـة العلـوم قسم الأحياء,جامعة بخت الرضا
857,كليـة العلـوم قسم الكيمياء,جامعة بخت الرضا
858,كليـة الإقتصاد والعلـوم الإداريــة,جامعة بخت الرضا
859,كليـة الآداب – اللغة العربية,جامعة بخت الرضا
860,كليـة الآداب - اللغة الإنجليزية,جامعة بخت الرضا
861,كليـة الآداب – التاريخ,جامعة بخت الرضا
862,كليـة الآداب – الجغرافيا,جامعة بخت الرضا
863,كليـة الآداب – الدراسات الإسلامية,جامعة بخت الرضا
864,كليـة الآداب – المكتبات والمعلومات,جامعة بخت الرضا
865,كليـة التربية قسم أحياء,جامعة بخت الرضا
866,كليـة التربية قسم كيمياء,جامعة بخت الرضا
867,كليـة التربية قسم رياضيات,جامعة بخت الرضا
868,كليـة التربية قسم فيزياء,جامعة بخت الرضا
869,كلية التربية لغة عربية,جامعة بخت الرضا
870,كليـة التربية لغـة عربيـة - ( نعيمة ) – طالبات,جامعة بخت الرضا
871,كلية التربية لغة إنجليزية,جامعة بخت الرضا
872,كلية التربية جغرافيا,جامعة بخت الرضا
873,كلية التربية تاريخ,جامعة بخت الرضا
874,كلية التربية دراسات إسلامية,جامعة بخت الرضا
875,كليـة التربية دراسات إسلامية - ( نعيمة ) – طالبات,جامعة بخت الرضا
876,كليـة التربيـة التعليم الأسـاسي ( إبتدائي – متوسط ),جامعة بخت الرضا
877,كلية القانون,جامعة بخت الرضا
878,كليـة الطـب  – الأبيض,جامعة كردفان
879,مدرسة طب الأسنان - الأبيض,جامعة كردفان
880,كليـة المختبرات الطبية – الأبيض,جامعة كردفان
881,كليـة التمريض – الابيض,جامعة كردفان
882,كليـة الصحة العامة – الأبيض,جامعة كردفان
883,كليـة الهندسـة والدراسات التقنيـة - قسم المدنية - خورطقت,جامعة كردفان
884,كليـة الهندسـة والدراسات التقنيـة - قسم الميكانيكا - خورطقت,جامعة كردفان
885,كليـة الهندسـة والدراسات التقنيـة - قسم الكهرباء - خورطقت,جامعة كردفان
886,كليـة الهندسـة والدراسات التقنيـة - قسم الكيميائية – خورطقت,جامعة كردفان
887,كليـة دراسات الحاسوب والإحصاء – علوم الحاسوب – الأبيض,جامعة كردفان
888,كليـة دراسات الحاسوب والإحصاء–  الحوسبة الإحصائية – الأبيض,جامعة كردفان
889,كليـة دراسات الحاسوب والإحصاء –  تقانة المعلومات – الأبيض,جامعة كردفان
890,كليـة المـوارد الطبيعيـة والدراسـات البيئيـة - الأبيض,جامعة كردفان
891,كليـة العلـوم  قسم  الرياضيات – خورطقت,جامعة كردفان
892,كليـة العلـوم  قسم  الجيولوجيا – خورطقت,جامعة كردفان
893,كليـة العلـوم  قسم الاحياء  –خورطقت,جامعة كردفان
894,كليـة الإقتصاد و الدراسات التجارية - الإقتصاد  - الأبيض,جامعة كردفان
895,كليـة الإقتصاد و الدراسات التجارية – المحاسبة والتمويل - الأبيض,جامعة كردفان
896,كليـة الإقتصاد و الدراسات التجارية – إدارة الأعمال – الأبيض,جامعة كردفان
897,كليـة الإقتصاد و الدراسات التجارية – الدراسات المصرفية والمالية - الأبيض,جامعة كردفان
898,كليـة الإقتصاد و الدراسات التجارية – نظم المعلومات الإدارية  - الأبيض,جامعة كردفان
899,كليـة الآداب - لغة عربية – خورطقت,جامعة كردفان
900,كليـة الآداب - لغة إنجليزية – خورطقت,جامعة كردفان
901,كليـة الآداب - لغة فرنسية – خورطقت,جامعة كردفان
902,كليـة الآداب - دراسات إسلامية – خورطقت,جامعة كردفان
903,كليـة الآداب - الإعلام – خورطقت,جامعة كردفان
904,كليـة الآداب – علم النفس – خورطقت,جامعة كردفان
905,كليـة التربية قسم الأحياء – الأبيض,جامعة كردفان
906,كليـة التربية  قسم الرياضيات – الأبيض,جامعة كردفان
907,كليـة التربية القسم الأدبي – الأبيض,جامعة كردفان
908,كليـة التربيـة التعليم الأسـاسي ( إبتدائي – متوسط ) - الأبيض,جامعة كردفان
909,كليـة الطب والعلوم الصحية – الطب والجراحة – الدلنــج,جامعة الدلنج
910,كليـة الطب والعلوم الصحية – علوم التمريض – الدلنــج,جامعة الدلنج
911,كليـة الطب والعلوم الصحية – الصحة العامة وصحة البيئة – الدلنــج,جامعة الدلنج
912,كليـة العلـوم الزراعيـة – الدلنــج,جامعة الدلنج
913,كليـة العلوم قسم الأحياء – الدلنج,جامعة الدلنج
914,كليـة العلوم قسم الرياضيات – الدلنج,جامعة الدلنج
915,كليـة علوم الحاسوب وتقانة المعلومات – علوم الحاسوب – الدلنج,جامعة الدلنج
916,كليـة علوم الحاسوب وتقانة المعلومات – تقانة المعلومات – الدلنج,جامعة الدلنج
917,كليـة علوم الحاسوب وتقانة المعلومات – نظم المعلومات - الدلنج,جامعة الدلنج
918,كليـة الدراسات الإقتصادية ولإجتماعية – الإقتصاد والتنمية الريفية – الدلنج,جامعة الدلنج
919,كليـة الدراسات الإقتصادية ولإجتماعية – الإدارة العامة  – الدلنج,جامعة الدلنج
920,كليـة الدراسات الإقتصادية ولإجتماعية – المحاسبة والتمويل – الدلنج,جامعة الدلنج
921,كليـة الدراسات الإقتصادية ولإجتماعية – إدارة الأعمال – الدلنج,جامعة الدلنج
922,كليـة الدراسات الإقتصادية ولإجتماعية – الإقتصاد البحت  – الدلنج,جامعة الدلنج
923,كليـة الدراسات الإقتصادية ولإجتماعية – الإجتماع والأنثربولجيا – الدلنج,جامعة الدلنج
924,كليـة الدراسات الإقتصادية ولإجتماعية – التكاليف والمحاسبة الإدارية – الدلنج,جامعة الدلنج
925,كليـة الدراسات الإقتصادية ولإجتماعية – الخدمة والرعاية الإجتماعية – الدلنج,جامعة الدلنج
926,كليـة التربيـة قسـم الأحيــــاء - الدلنج,جامعة الدلنج
927,كليـة التربيـة قسـم الريـاضيـات - الدلنج,جامعة الدلنج
928,كليـة التربيـة القسم الأدبي - الدلنج,جامعة الدلنج
929,كليـة التربيـة التعليم الأسـاسي ( إبتدائي – متوسط ) - الدلنج,جامعة الدلنج
930,كليـة التربية التعليم الأساسي – التعليم قبل المدرسي – طالبات فقط – الدلنج,جامعة الدلنج
931,كليـة التربية البدنية وعلوم الرياضة – الدلنج,جامعة الدلنج
932,كليـة الطب والعلوم الصحية – الطب – النهود,جامعة غرب كردفان
933,كليـة علوم المختبرات الطبية – النهود,جامعة غرب كردفان
934,كليـة الصحة العامة وصحة البيئة – النهود,جامعة غرب كردفان
935,كلية علوم البصريات - النهود,جامعة غرب كردفان
936,كليـة القبالة والتمريض – علوم التمريض – النهود,جامعة غرب كردفان
937,كليـة الطب البيطري – غبيش,جامعة غرب كردفان
938,كلية الانتاج الحيوانى,جامعة غرب كردفان
939,كليـة علوم الحاسوب وتقانة المعلومات – علوم الحاسوب - النهود,جامعة غرب كردفان
940,كليـة علوم الحاسوب وتقانة المعلومات – تقانة المعلومات – النهود,جامعة غرب كردفان
941,كليـة علوم الحاسوب وتقانة المعلومات – نظم المعلومات - النهود,جامعة غرب كردفان
942,كليـة الشريعة والقانون – أبوزبد,جامعة غرب كردفان
943,كليـة الدراسات الإقتصادية والاجتماعية – النهود,جامعة غرب كردفان
944,كليـة العلوم الادارية – النهود,جامعة غرب كردفان
945,كليـة الإعلام,جامعة غرب كردفان
946,كليـة العلـوم الإسلامية واللغة العربية – النهود,جامعة غرب كردفان
947,كليـة التربيـة قسم الأحياء – النهود,جامعة غرب كردفان
948,كليـة التربيـة قسم الرياضيات - النهود,جامعة غرب كردفان
949,كليـة التربيـة القسم الأدبي – النهود,جامعة غرب كردفان
950,كليـة التربيـة التعليم الأسـاسي ( إبتدائي – متوسط ) - النهود,جامعة غرب كردفان
951,كلية الطب والعلوم الصحية – بكالوريوس الطب – المجلد,جامعة السلام
952,كلية الطب والعلوم الصحية – بكالوريوس التمريض – المجلد,جامعة السلام
953,كليـة الطب البيطرى – الفولة,جامعة السلام
954,كليـة هندسة النفط والمياه – هندسة النفط – المجلد,جامعة السلام
955,كليـة هندسة النفط والمياه – هندسة الإستكشاف النفطى – طلاب – المجلد,جامعة السلام
956,كليـة هندسة النفط والمياه – هندسة التكرير والبتروكيماويات – المجلد,جامعة السلام
957,كليـة الموارد الطبيعية والدراسات البيئية – الفولة,جامعة السلام
958,كليـة العلوم الإدارية والمالية – بابنوسة,جامعة السلام
959,كليـة الإقتصاد وتنميـة المجتمـع – بابنوسة,جامعة السلام
960,كليـة الآداب – لقاوة,جامعة السلام
961,كلية التربية القسم العلمي – الفولة,جامعة السلام
962,كلية التربية القسم الأدبى – الفولة,جامعة السلام
963,كليـة التربيـة التعليم الأسـاسي ( إبتدائي – متوسط ) - الفولة,جامعة السلام
964,كلية العلوم الإسلامية – الدراسات الإسلامية - الدبب,جامعة السلام
965,كلية العلوم الإسلامية – الدعوة والإعلام - الدبب,جامعة السلام
966,كليـة الطـب – الفاشـر - الفاشـر,جامعة الفاشر
967,كلية طب الأسنان - الفاشـر,جامعة الفاشر
968,كلية الصيدلة - الفاشـر,جامعة الفاشر
969,كلية المختبرات الطبية - الفاشـر,جامعة الفاشر
970,كليـة العلوم الصحية – علوم التمريض - الفاشـر,جامعة الفاشر
971,كلية الطب البيطري,جامعة الفاشر
972,كليـة الهندسة قسم الهندسة المدنية – الفاشر,جامعة الفاشر
973,كليـة الهندسة قسم الهندسة الكهربائية – الفاشر,جامعة الفاشر
974,كليـة علـوم البيئـة والمـوارد الطبيعيـة - الفاشر,جامعة الفاشر
975,كليـة الزراعـة - كبكابية,جامعة الفاشر
976,كلية علوم الحاسوب وتقانة المعلومات – علوم الحاسوب – الفاشر,جامعة الفاشر
977,كلية علوم الحاسوب وتقانة المعلومات – تقانة المعلومات – الفاشر,جامعة الفاشر
978,كلية العلوم الرياضية – الرياضيات - الفاشر,جامعة الفاشر
979,كلية العلوم الرياضية – الإحصاء – الفاشر,جامعة الفاشر
980,كلية العلوم الرياضية – الرياضيات / حاسوب – الفاشر,جامعة الفاشر
981,كلية العلوم الرياضية – الإحصاء / حاسوب - الفاشر,جامعة الفاشر
982,كليـة الشريعة والقانون – الفاشر,جامعة الفاشر
983,كليـة العلوم الإدارية – الفاشــر,جامعة الفاشر
984,كليـة الإقتصاد والدراسات الإجتماعية – الفاشــر,جامعة الفاشر
985,كليـة الآداب – الفاشر,جامعة الفاشر
986,كليـة القرآن الكريم والدراسات الإسلامية – القراءات  - الفاشــر,جامعة الفاشر
987,كليـة القرآن الكريم والدراسات الإسلامية - د.الإسلامية  - الفاشــر,جامعة الفاشر
988,كليـة التربيـة قسـم الأحياء – الفاشــر,جامعة الفاشر
989,كليـة التربيـة قسـم الرياضيات – الفاشــر,جامعة الفاشر
990,كليـة التربيـة القسـم الأدبي – الفاشــر,جامعة الفاشر
991,كليـة التربيـة التعليم الأسـاسي ( إبتدائي – متوسط ) - الفاشر,جامعة الفاشر
992,كلية الطب - نيالا,جامعة نيالا
993,كلية علوم المختبرات الطبية,جامعة نيالا
994,كلية علوم التمريض,جامعة نيالا
995,كليـة العلوم البيطـرية - نيـالا,جامعة نيالا
996,كليـة العلـوم الهندسـية قسم الهندسة المدنية - نيـالا,جامعة نيالا
997,كليـة العلـوم الهندسـية قسم الهندسة الميكانيكية - نيـالا,جامعة نيالا
998,كليـة العلـوم الهندسـية قسم الهندسة الكهربائية والالكترونية - نيـالا,جامعة نيالا
999,كليـة علوم الحاسوب وتقانة المعلومات – علوم الحاسوب - نيـالا,جامعة نيالا
1000,كليـة علوم الحاسوب وتقانة المعلومات – تقانة المعلومات - نيـالا,جامعة نيالا
1001,كليـة العلوم – الرياضيات - نيـالا,جامعة نيالا
1002,كليـة العلوم - الفيزياء - نيـالا,جامعة نيالا
1003,كليـة العلوم – الجيولوجيا - نيـالا,جامعة نيالا
1004,كليـة العلوم – الكيمياء - نيـالا,جامعة نيالا
1005,كليـة العلوم – النبات - نيـالا,جامعة نيالا
1006,كليـة العلوم – الحيوان - نيـالا,جامعة نيالا
1007,كليـة القانون والشريعة – نيالا,جامعة نيالا
1008,كليـة الإقتصاد والدراسـات التجـارية - المحاسبة – نيالا,جامعة نيالا
1009,كليـة الإقتصاد والدراسـات التجـارية - ادارة الاعمال – نيالا,جامعة نيالا
1010,كليـة الإقتصاد والدراسـات التجـارية - الإقتصاد - نيـالا,جامعة نيالا
1011,كليـة الإقتصاد والدراسـات التجـارية - البنوك والتمويل – نيالا,جامعة نيالا
1012,كليـة التربيـة – الكيمياء والأحيـاء – نيـالا,جامعة نيالا
1013,كليـة التربيـة – الفيزياء والرياضيــات - نيــالا,جامعة نيالا
1014,كليـة التربيـة – اللغة العربية والدراسات الإسلامية - نيـالا,جامعة نيالا
1015,كليـة التربيـة – اللغة الإنجليزية واللغة الفرنسية - نيالا,جامعة نيالا
1016,كليـة التربيـة – الجغرافيا والتاريخ – نيالا,جامعة نيالا
1017,كليـة التربيـة التعليم الأسـاسي ( إبتدائي – متوسط ) - نيالا,جامعة نيالا
1018,كلية الطب - زالنجى,جامعة زالنجى
1019,كلية العلوم الصحية – علوم التمريض – زالنجى,جامعة زالنجى
1020,كلية العلوم الصحية – الصحة العامة – زالنجى,جامعة زالنجى
1021,كليـة الزراعـة - زالنجى,جامعة زالنجى
1022,كليـة علوم الغابات – زالنجى,جامعة زالنجى
1023,كلية علوم وتقانة الانتاج الحيوانى – مكجر,جامعة زالنجى
1024,كليـة علوم الحاسوب وتقانة المعلومات – علوم الحاسوب – زالنجى,جامعة زالنجى
1025,كليـة علوم الحاسوب وتقانة المعلومات – تقانة المعلومات – زالنجى,جامعة زالنجى
1026,كليـة علوم الحاسوب وتقانة المعلومات – شبكات الحاسوب – زالنجى,جامعة زالنجى
1027,كليـة الإقتصاد والعلوم الإدارية – زالنجى,جامعة زالنجى
1028,كليـة التربيـة قسـم علوم الحيــــاة - زالنجى,جامعة زالنجى
1029,كليـة التربيـة قسـم الكيمياء - زالنجى,جامعة زالنجى
1030,كليـة التربيـة قسـم الريـاضيـات - زالنجى,جامعة زالنجى
1031,كليـة التربيـة قسـم الفيزياء - زالنجى,جامعة زالنجى
1032,كليـة التربيـة قسم الدراسـات الإسـلامية - زالنجى,جامعة زالنجى
1033,كلية التربية قسم اللغة العربية - زالنجى,جامعة زالنجى
1034,كلية التربية قسم الجغرافيا - زالنجى,جامعة زالنجى
1035,كلية التربية قسم التاريخ - زالنجى,جامعة زالنجى
1036,كلية التربية قسم اللغة الانجليزية - زالنجى,جامعة زالنجى
1037,كليـة التربيـة قسـم التوجيه والإرشاد النفسي - زالنجى,جامعة زالنجى
1038,كليـة التربيـة التعليم الأسـاسي ( إبتدائي – متوسط ) - زالنجى,جامعة زالنجى
1039,كلية الطب – الجنينة,جامعة الجنينة
1040,كلية العلوم الصحية – التمريض – الجنينة,جامعة الجنينة
1041,كلية العلوم الصحية – الصحة العامة – الجنينة,جامعة الجنينة
1042,كليـة العلوم البيطرية – فوربرنقا,جامعة الجنينة
1043,كليـة علوم التقانة – علوم الحاسوب – الجنينة,جامعة الجنينة
1044,كليـة علوم التقانة – تقانة المعلومات – الجنينة,جامعة الجنينة
1045,كليـة التربيـة قسم الأحياء – الجنينة,جامعة الجنينة
1046,كليـة التربيـة قسم الكيمياء – الجنينة,جامعة الجنينة
1047,كليـة التربيـة قسم الرياضيات – الجنينة,جامعة الجنينة
1048,كليـة التربيـة قسم الفيزياء – الجنينة,جامعة الجنينة
1049,كليـة الإقتصاد والدراسات الاجتماعية – الجنينة,جامعة الجنينة
1050,كليـة الإعلام  – الجنينة,جامعة الجنينة
1051,كلية القانون – الجنينة,جامعة الجنينة
1052,كليـة التربيـة القسم الأدبى – الجنينة,جامعة الجنينة
1053,كليـة التربيـة التعليم الأسـاسي ( إبتدائي – متوسط ) - الجنينة,جامعة الجنينة
1054,كلية الدراسات الإسلامية - الجنينة,جامعة الجنينة
1055,كليـة الطب والعلوم الصحية – الطب والجراحة,جامعة عبداللطيف الحمد التكنولوجية
1056,كليـة الطب والعلوم الصحية – المختبرات الطبية,جامعة عبداللطيف الحمد التكنولوجية
1057,كليـة الطب والعلوم الصحية – علوم التمريض,جامعة عبداللطيف الحمد التكنولوجية
1058,كليـة الهندسـة - الهندسة المدنية,جامعة عبداللطيف الحمد التكنولوجية
1059,كليـة الهندسـة - الهندسة الميكانيكية,جامعة عبداللطيف الحمد التكنولوجية
1060,كليـة الهندسـة - الهندسة الكهربائية,جامعة عبداللطيف الحمد التكنولوجية
1061,كلية العلوم والتكنولوجيا – تقانة المعلومات,جامعة عبداللطيف الحمد التكنولوجية
1062,كليـة العلـوم والتكنولوجيا – علوم وتكنولوجيا الأغذيـة,جامعة عبداللطيف الحمد التكنولوجية
1063,كلية العلوم الادارية - ادارة الاعمال,جامعة عبداللطيف الحمد التكنولوجية
1064,كلية التربية - قسم الأحياء,جامعة عبداللطيف الحمد التكنولوجية
1065,كلية التربية – قسم الكيمياء,جامعة عبداللطيف الحمد التكنولوجية
1066,كلية التربية – قسم الرياضيات,جامعة عبداللطيف الحمد التكنولوجية
1067,كلية التربية – قسم الفيزياء,جامعة عبداللطيف الحمد التكنولوجية
1068,كلية التربية – قسم التربية التقنية,جامعة عبداللطيف الحمد التكنولوجية
1069,كلية الطب والجراحة,جامعة الضعين
1070,كلية علوم المختبرات الطبية,جامعة الضعين
1071,كلية التمريض,جامعة الضعين
1072,كلية الهندسة – الهندسة الميكانيكية,جامعة الضعين
1073,كلية الهندسة – الهندسة المدنية,جامعة الضعين
1074,كلية الهندسة – الهندسة الكهربائية والإلكترونية,جامعة الضعين
1075,كلية الهندسة – هندسة التعدين,جامعة الضعين
1076,كلية علوم الحاسوب وتقانة المعلومات – علوم الحاسوب,جامعة الضعين
1077,كلية علوم الحاسوب وتقانة المعلومات – تقانة المعلومات,جامعة الضعين
1078,كلية الإنتاج الحيوانى,جامعة الضعين
1079,كلية التربية – اللغة العربية,جامعة الضعين
1080,كلية التربية – الدراسات الإسلامية,جامعة الضعين
1081,كلية التربية – اللغة الانجليزية,جامعة الضعين
1082,كلية التربية – الجغرافيا,جامعة الضعين
1083,كلية التربية – التاريخ,جامعة الضعين
1084,كلية التربية – الفيزياء والرياضيات,جامعة الضعين
1085,كلية القانون,جامعة الضعين
1086,كلية العلوم الإدارية – المحاسبة,جامعة الضعين
1087,كلية العلوم الإدارية – إدارة الأعمال,جامعة الضعين
1088,كلية الدعوة والدراسات الإسلامية – الدعوة,جامعة الضعين
1089,كلية الدعوة والدراسات الإسلامية – الدراسات الإسلامية,جامعة الضعين
1090,كليـة الدراسات التنموية - تنميـة المجتمـع – ابومطارق,جامعة الضعين
1091,كليـة الدراسات التنموية - التنميـة الإقتصادية - ابومطارق,جامعة الضعين
1092,كليـة الدراسات التنموية – علم الإجتماع والأنثربولوجيا – ابومطارق,جامعة الضعين
1093,كلية الطب والعلوم الصحية – المناقل,جامعة المناقل للعلوم والتكنولوجيا
1094,كلية طب الأسنان – المناقل,جامعة المناقل للعلوم والتكنولوجيا
1095,كلية الصيدلة – المناقل,جامعة المناقل للعلوم والتكنولوجيا
1096,كلية المختبرات الطبية – المناقل,جامعة المناقل للعلوم والتكنولوجيا
1097,كلية التمريض – المناقل,جامعة المناقل للعلوم والتكنولوجيا
1098,كلية الهندسة - الهندسة الميكانيكية – 24 القرشى,جامعة المناقل للعلوم والتكنولوجيا
1099,كلية الهندسة - الهندسة الكهربائية – 24 القرشى,جامعة المناقل للعلوم والتكنولوجيا
1100,كلية العلوم الإدارية – المحاسبة والتمويل – 24 القرشى,جامعة المناقل للعلوم والتكنولوجيا
1101,كلية العلوم الإدارية – إدارة الأعمال - 24 القرشى,جامعة المناقل للعلوم والتكنولوجيا
1102,كليـة الهندسـة – الهندسة المدنية – ابوجبيهة,جامعة شرق كردفان
1103,كليـة الهندسة - الهندسة الميكانيكية – ابوجبيهة,جامعة شرق كردفان
1104,كليـة الهندسة - الهندسة الكهربائية – ابوجبيهة,جامعة شرق كردفان
1105,كليـة الغابات وعلوم المراعى – رشاد,جامعة شرق كردفان
1106,كلية علوم الحاسوب وتقانة المعلومات – كالوقى,جامعة شرق كردفان
1107,كلية الإنتاج الحيوانى – ابوكرشولا,جامعة شرق كردفان
1108,كليـة الإقتصاد والعلوم الإدارية – المحاسبة والتمويل - ابوجبيهة,جامعة شرق كردفان
1109,كليـة الإقتصاد والعلوم الإدارية – إدارة الأعمال – ابوجبيهة,جامعة شرق كردفان
1110,كليـة الإقتصاد والعلوم الإدارية - الإقتصاد – ابوجبيهة,جامعة شرق كردفان
1111,كلية العلوم الإسلامية والعربية – اللغة العربية والدراسات الإسلامية - العباسية تقلى,جامعة شرق كردفان
1112,كلية العلوم الإسلامية والعربية – الشريعة والقانون - العباسية تقلى,جامعة شرق كردفان
1113,كلية العلوم الإسلامية والعربية – الدعوة والإعلام – العباسية تقلى,جامعة شرق كردفان
1114,كليـة التربيـة القسـم العلمي – العباسية تقلى,جامعة شرق كردفان
1115,كليـة التربيـة القسم الأدبي – العباسية تقلى,جامعة شرق كردفان
1116,كليـة التربيـة التعليم الأسـاسي ( إبتدائي – متوسط ) العباسية تقلى,جامعة شرق كردفان
1117,كلية علوم التمريض,الجامعة التكنولوجية
1118,كلية العماره,الجامعة التكنولوجية
1119,كلية الهندسة - البكالوريوس التكنولوجى فى الهندسة المدنية,الجامعة التكنولوجية
1120,كلية الهندسة - البكالوريوس التكنولوجى فى هندسة الكهرباء - تحكم,الجامعة التكنولوجية
1121,كلية الهندسة - البكالوريوس التكنولوجى فى هندسة الكهرباء - قدرة,الجامعة التكنولوجية
1122,كلية الهندسة - البكالوريوس التكنولوجى فى هندسة الكهرباء - اتصالات,الجامعة التكنولوجية
1123,كلية الهندسة - البكالوريوس التكنولوجى فى هندسة الكهرباء - الكترونيات وحاسوب,الجامعة التكنولوجية
1124,كلية الدراسـات التجـارية,الجامعة التكنولوجية
1125,كلية نظم المعلومات – ( المحاسبية – الإدارية – المصرفية ),الجامعة التكنولوجية
1126,كلية علوم الحاسوب وتقانة المعلومات - تقانة المعلومات,الجامعة التكنولوجية
1127,القانون,الجامعة التكنولوجية
1130,كلية المختبرات الطبية - الخرطوم,  جامعة العلوم الصحية – الخرطوم
1131,كلية التمريض - الخرطوم,  جامعة العلوم الصحية – الخرطوم
1132,كلية التمريض – الحصاحيصا,  جامعة العلوم الصحية – الخرطوم
1133,كلية التمريض – سنجة,  جامعة العلوم الصحية – الخرطوم
1134,كلية التمريض – كوستي,  جامعة العلوم الصحية – الخرطوم
1135,كلية التمريض – عطبرة,  جامعة العلوم الصحية – الخرطوم
1136,كلية التمريض – الفولة,  جامعة العلوم الصحية – الخرطوم
1137,كلية التمريض – دنقلا,  جامعة العلوم الصحية – الخرطوم
1138,كلية التمريض – مدني,  جامعة العلوم الصحية – الخرطوم
1139,كلية التمريض – الأبيض,  جامعة العلوم الصحية – الخرطوم
1140,كلية القبالة – طالبات فقط – أم درمان,  جامعة العلوم الصحية – الخرطوم
1141,كلية الدراسات التنموية  - الحديبة,جامعة الجزيرة
